-- phpMyAdmin SQL Dump
-- version 4.8.4
-- https://www.phpmyadmin.net/
--
-- Host: 127.0.0.1
-- Generation Time: May 26, 2019 at 08:43 PM
-- Server version: 10.1.37-MariaDB
-- PHP Version: 7.3.0

SET SQL_MODE = "NO_AUTO_VALUE_ON_ZERO";
SET AUTOCOMMIT = 0;
START TRANSACTION;
SET time_zone = "+00:00";


/*!40101 SET @OLD_CHARACTER_SET_CLIENT=@@CHARACTER_SET_CLIENT */;
/*!40101 SET @OLD_CHARACTER_SET_RESULTS=@@CHARACTER_SET_RESULTS */;
/*!40101 SET @OLD_COLLATION_CONNECTION=@@COLLATION_CONNECTION */;
/*!40101 SET NAMES utf8mb4 */;

--
-- Database: `sams`
--

-- --------------------------------------------------------

--
-- Table structure for table `academic_year`
--

CREATE TABLE `academic_year` (
  `ac_year_id` int(2) NOT NULL,
  `ac_year` varchar(10) NOT NULL
) ENGINE=InnoDB DEFAULT CHARSET=latin1;

--
-- Dumping data for table `academic_year`
--

INSERT INTO `academic_year` (`ac_year_id`, `ac_year`) VALUES
(28, '2019-20');

-- --------------------------------------------------------

--
-- Table structure for table `attendance`
--

CREATE TABLE `attendance` (
  `att_id` int(11) NOT NULL,
  `date` date NOT NULL,
  `period` int(11) DEFAULT NULL,
  `s_enrl` int(7) NOT NULL,
  `usub_id` int(4) NOT NULL,
  `present` tinyint(1) NOT NULL
) ENGINE=InnoDB DEFAULT CHARSET=latin1;

--
-- Dumping data for table `attendance`
--

INSERT INTO `attendance` (`att_id`, `date`, `period`, `s_enrl`, `usub_id`, `present`) VALUES
(1, '2019-03-29', 1, 93, 26, 1),
(2, '2019-03-29', 1, 94, 26, 1),
(3, '2019-03-29', 1, 95, 26, 1),
(4, '2019-03-29', 1, 96, 26, 1),
(5, '2019-03-29', 2, 93, 107, 0),
(6, '2019-03-29', 2, 94, 107, 0),
(7, '2019-03-29', 2, 95, 107, 0),
(8, '2019-03-29', 2, 96, 107, 0),
(9, '2019-03-29', 3, 93, 26, 1),
(10, '2019-03-29', 3, 94, 26, 1),
(11, '2019-03-29', 3, 95, 26, 1),
(12, '2019-03-29', 3, 96, 26, 1),
(13, '2019-03-29', 4, 93, 26, 0),
(14, '2019-03-29', 4, 94, 26, 0),
(15, '2019-03-29', 4, 95, 26, 0),
(16, '2019-03-29', 4, 96, 26, 1),
(17, '2019-03-29', 6, 93, 26, 0),
(18, '2019-03-29', 6, 94, 26, 0),
(19, '2019-03-29', 6, 95, 26, 0),
(20, '2019-03-29', 6, 96, 26, 0),
(21, '2019-03-29', 7, 93, 75, 1),
(22, '2019-03-29', 7, 94, 75, 1),
(23, '2019-03-29', 7, 95, 75, 1),
(24, '2019-03-29', 7, 96, 75, 1),
(25, '2019-04-01', 1, 93, 26, 1),
(26, '2019-04-01', 1, 94, 26, 1),
(27, '2019-04-01', 1, 95, 26, 1),
(28, '2019-04-01', 1, 96, 26, 1),
(29, '2019-04-01', 2, 93, 26, 0),
(30, '2019-04-01', 2, 94, 26, 0),
(31, '2019-04-01', 2, 95, 26, 0),
(32, '2019-04-01', 2, 96, 26, 0),
(33, '2019-04-01', 4, 93, 26, 0),
(34, '2019-04-01', 4, 94, 26, 0),
(35, '2019-04-01', 4, 95, 26, 0),
(36, '2019-04-01', 4, 96, 26, 1),
(37, '2019-04-01', 7, 93, 107, 1),
(38, '2019-04-01', 7, 94, 107, 1),
(39, '2019-04-01', 7, 95, 107, 1),
(40, '2019-04-01', 7, 96, 107, 1),
(41, '2019-04-01', 1, 1, 26, 1),
(42, '2019-04-01', 1, 2, 26, 1),
(43, '2019-04-01', 1, 3, 26, 1),
(44, '2019-04-01', 1, 4, 26, 1),
(45, '2019-04-01', 1, 5, 26, 1),
(46, '2019-04-01', 1, 6, 26, 1),
(47, '2019-04-01', 1, 7, 26, 1),
(48, '2019-04-01', 1, 8, 26, 1),
(49, '2019-04-01', 1, 9, 26, 1),
(50, '2019-04-01', 1, 10, 26, 1),
(51, '2019-04-01', 1, 11, 26, 1),
(52, '2019-04-01', 1, 12, 26, 1),
(53, '2019-04-01', 1, 13, 26, 1),
(54, '2019-04-01', 1, 14, 26, 1),
(55, '2019-04-01', 1, 15, 26, 1),
(56, '2019-04-01', 1, 16, 26, 1),
(57, '2019-04-01', 1, 17, 26, 1),
(58, '2019-04-01', 1, 18, 26, 1),
(59, '2019-04-01', 1, 19, 26, 1),
(60, '2019-04-01', 1, 20, 26, 1),
(61, '2019-04-01', 1, 21, 26, 1),
(62, '2019-04-01', 1, 22, 26, 1),
(63, '2019-04-01', 1, 23, 26, 1),
(64, '2019-04-01', 1, 24, 26, 1),
(65, '2019-04-01', 1, 25, 26, 1),
(66, '2019-04-01', 1, 26, 26, 1),
(67, '2019-04-01', 1, 27, 26, 1),
(68, '2019-04-01', 1, 28, 26, 1),
(69, '2019-04-01', 1, 29, 26, 1),
(70, '2019-04-01', 1, 30, 26, 1),
(71, '2019-04-01', 1, 31, 26, 1),
(72, '2019-04-01', 1, 32, 26, 1),
(73, '2019-04-01', 1, 33, 26, 1),
(74, '2019-04-01', 1, 34, 26, 1),
(75, '2019-04-01', 1, 35, 26, 1),
(76, '2019-04-01', 1, 36, 26, 1),
(77, '2019-04-01', 1, 37, 26, 1),
(78, '2019-04-01', 1, 38, 26, 0),
(79, '2019-04-01', 1, 39, 26, 1),
(80, '2019-04-01', 1, 40, 26, 1),
(81, '2019-04-01', 1, 41, 26, 1),
(82, '2019-04-01', 1, 42, 26, 1),
(83, '2019-04-01', 1, 43, 26, 1),
(84, '2019-04-01', 1, 44, 26, 1),
(85, '2019-04-01', 1, 45, 26, 1),
(86, '2019-04-01', 1, 46, 26, 1),
(87, '2019-04-01', 1, 47, 26, 1),
(88, '2019-04-01', 1, 48, 26, 1),
(89, '2019-04-01', 1, 49, 26, 1),
(90, '2019-04-01', 1, 50, 26, 1),
(91, '2019-04-01', 1, 51, 26, 1),
(92, '2019-04-01', 1, 52, 26, 1),
(93, '2019-04-01', 1, 53, 26, 0),
(94, '2019-04-01', 1, 54, 26, 1),
(95, '2019-04-01', 1, 55, 26, 1),
(96, '2019-04-01', 1, 56, 26, 1),
(97, '2019-04-01', 1, 57, 26, 1),
(98, '2019-04-01', 1, 58, 26, 1),
(99, '2019-04-01', 1, 59, 26, 1),
(100, '2019-04-01', 1, 60, 26, 1),
(101, '2019-04-01', 1, 61, 26, 1),
(102, '2019-04-01', 1, 62, 26, 1),
(103, '2019-04-01', 1, 63, 26, 1),
(104, '2019-04-01', 1, 64, 26, 1),
(105, '2019-04-01', 1, 65, 26, 1),
(106, '2019-04-01', 1, 66, 26, 1),
(107, '2019-04-01', 1, 67, 26, 1),
(108, '2019-04-01', 1, 68, 26, 1),
(109, '2019-04-01', 1, 69, 26, 1),
(110, '2019-04-01', 1, 70, 26, 1),
(111, '2019-04-01', 1, 71, 26, 1),
(112, '2019-04-01', 1, 72, 26, 1),
(113, '2019-04-01', 1, 73, 26, 1),
(114, '2019-04-01', 1, 74, 26, 1),
(115, '2019-04-01', 1, 75, 26, 1),
(116, '2019-04-01', 1, 76, 26, 1),
(117, '2019-04-01', 1, 77, 26, 1),
(118, '2019-04-01', 1, 78, 26, 1),
(119, '2019-04-01', 1, 79, 26, 1),
(120, '2019-04-01', 1, 80, 26, 1),
(121, '2019-04-01', 1, 81, 26, 1),
(122, '2019-04-01', 1, 82, 26, 1),
(123, '2019-04-01', 1, 83, 26, 1),
(124, '2019-04-01', 1, 84, 26, 1),
(125, '2019-04-01', 1, 85, 26, 1),
(126, '2019-04-01', 1, 86, 26, 1),
(127, '2019-04-01', 1, 87, 26, 1),
(128, '2019-04-01', 1, 88, 26, 1),
(129, '2019-04-01', 1, 89, 26, 1),
(130, '2019-04-01', 1, 90, 26, 1),
(131, '2019-04-01', 1, 91, 26, 1),
(132, '2019-04-01', 1, 92, 26, 1),
(133, '2019-04-03', 1, 1, 26, 0),
(134, '2019-04-03', 1, 2, 26, 0),
(135, '2019-04-03', 1, 3, 26, 0),
(136, '2019-04-03', 1, 4, 26, 0),
(137, '2019-04-03', 1, 5, 26, 0),
(138, '2019-04-03', 1, 6, 26, 0),
(139, '2019-04-03', 1, 7, 26, 0),
(140, '2019-04-03', 1, 8, 26, 0),
(141, '2019-04-03', 1, 9, 26, 0),
(142, '2019-04-03', 1, 10, 26, 0),
(143, '2019-04-03', 1, 11, 26, 0),
(144, '2019-04-03', 1, 12, 26, 0),
(145, '2019-04-03', 1, 13, 26, 0),
(146, '2019-04-03', 1, 14, 26, 0),
(147, '2019-04-03', 1, 15, 26, 0),
(148, '2019-04-03', 1, 16, 26, 0),
(149, '2019-04-03', 1, 17, 26, 0),
(150, '2019-04-03', 1, 18, 26, 0),
(151, '2019-04-03', 1, 19, 26, 0),
(152, '2019-04-03', 1, 20, 26, 0),
(153, '2019-04-03', 1, 21, 26, 0),
(154, '2019-04-03', 1, 22, 26, 0),
(155, '2019-04-03', 1, 23, 26, 0),
(156, '2019-04-03', 1, 24, 26, 1),
(157, '2019-04-03', 1, 25, 26, 0),
(158, '2019-04-03', 1, 26, 26, 1),
(159, '2019-04-03', 1, 27, 26, 0),
(160, '2019-04-03', 1, 28, 26, 1),
(161, '2019-04-03', 1, 29, 26, 0),
(162, '2019-04-03', 1, 30, 26, 0),
(163, '2019-04-03', 1, 31, 26, 0),
(164, '2019-04-03', 1, 32, 26, 0),
(165, '2019-04-03', 1, 33, 26, 0),
(166, '2019-04-03', 1, 34, 26, 0),
(167, '2019-04-03', 1, 35, 26, 0),
(168, '2019-04-03', 1, 36, 26, 0),
(169, '2019-04-03', 1, 37, 26, 0),
(170, '2019-04-03', 1, 38, 26, 0),
(171, '2019-04-03', 1, 39, 26, 0),
(172, '2019-04-03', 1, 40, 26, 0),
(173, '2019-04-03', 1, 41, 26, 0),
(174, '2019-04-03', 1, 42, 26, 0),
(175, '2019-04-03', 1, 43, 26, 0),
(176, '2019-04-03', 1, 44, 26, 0),
(177, '2019-04-03', 1, 45, 26, 0),
(178, '2019-04-03', 1, 46, 26, 0),
(179, '2019-04-03', 1, 47, 26, 0),
(180, '2019-04-03', 1, 48, 26, 0),
(181, '2019-04-03', 1, 49, 26, 0),
(182, '2019-04-03', 1, 50, 26, 0),
(183, '2019-04-03', 1, 51, 26, 0),
(184, '2019-04-03', 1, 52, 26, 0),
(185, '2019-04-03', 1, 53, 26, 0),
(186, '2019-04-03', 1, 54, 26, 0),
(187, '2019-04-03', 1, 55, 26, 0),
(188, '2019-04-03', 1, 56, 26, 0),
(189, '2019-04-03', 1, 57, 26, 0),
(190, '2019-04-03', 1, 58, 26, 0),
(191, '2019-04-03', 1, 59, 26, 0),
(192, '2019-04-03', 1, 60, 26, 0),
(193, '2019-04-03', 1, 61, 26, 0),
(194, '2019-04-03', 1, 62, 26, 0),
(195, '2019-04-03', 1, 63, 26, 0),
(196, '2019-04-03', 1, 64, 26, 0),
(197, '2019-04-03', 1, 65, 26, 0),
(198, '2019-04-03', 1, 66, 26, 0),
(199, '2019-04-03', 1, 67, 26, 0),
(200, '2019-04-03', 1, 68, 26, 0),
(201, '2019-04-03', 1, 69, 26, 0),
(202, '2019-04-03', 1, 70, 26, 0),
(203, '2019-04-03', 1, 71, 26, 0),
(204, '2019-04-03', 1, 72, 26, 0),
(205, '2019-04-03', 1, 73, 26, 0),
(206, '2019-04-03', 1, 74, 26, 0),
(207, '2019-04-03', 1, 75, 26, 0),
(208, '2019-04-03', 1, 76, 26, 0),
(209, '2019-04-03', 1, 77, 26, 0),
(210, '2019-04-03', 1, 78, 26, 0),
(211, '2019-04-03', 1, 79, 26, 0),
(212, '2019-04-03', 1, 80, 26, 0),
(213, '2019-04-03', 1, 81, 26, 0),
(214, '2019-04-03', 1, 82, 26, 0),
(215, '2019-04-03', 1, 83, 26, 0),
(216, '2019-04-03', 1, 84, 26, 0),
(217, '2019-04-03', 1, 85, 26, 0),
(218, '2019-04-03', 1, 86, 26, 0),
(219, '2019-04-03', 1, 87, 26, 0),
(220, '2019-04-03', 1, 88, 26, 0),
(221, '2019-04-03', 1, 89, 26, 0),
(222, '2019-04-03', 1, 90, 26, 0),
(223, '2019-04-03', 1, 91, 26, 0),
(224, '2019-04-03', 1, 92, 26, 0),
(225, '2019-04-12', 1, 1, 75, 1),
(226, '2019-04-12', 1, 2, 75, 1),
(227, '2019-04-12', 1, 3, 75, 1),
(228, '2019-04-12', 1, 4, 75, 1),
(229, '2019-04-12', 1, 5, 75, 1),
(230, '2019-04-12', 1, 6, 75, 1),
(231, '2019-04-12', 1, 7, 75, 1),
(232, '2019-04-12', 1, 8, 75, 1),
(233, '2019-04-12', 1, 9, 75, 1),
(234, '2019-04-12', 1, 10, 75, 1),
(235, '2019-04-12', 1, 11, 75, 1),
(236, '2019-04-12', 1, 12, 75, 1),
(237, '2019-04-12', 1, 13, 75, 1),
(238, '2019-04-12', 1, 14, 75, 1),
(239, '2019-04-12', 1, 15, 75, 1),
(240, '2019-04-12', 1, 16, 75, 1),
(241, '2019-04-12', 1, 17, 75, 0),
(242, '2019-04-12', 1, 18, 75, 1),
(243, '2019-04-12', 1, 19, 75, 1),
(244, '2019-04-12', 1, 20, 75, 1),
(245, '2019-04-12', 1, 21, 75, 1),
(246, '2019-04-12', 1, 22, 75, 1),
(247, '2019-04-12', 1, 23, 75, 1),
(248, '2019-04-12', 1, 24, 75, 1),
(249, '2019-04-12', 1, 25, 75, 1),
(250, '2019-04-12', 1, 26, 75, 1),
(251, '2019-04-12', 1, 27, 75, 1),
(252, '2019-04-12', 1, 28, 75, 1),
(253, '2019-04-12', 1, 29, 75, 1),
(254, '2019-04-12', 1, 30, 75, 1),
(255, '2019-04-12', 1, 31, 75, 1),
(256, '2019-04-12', 1, 32, 75, 1),
(257, '2019-04-12', 1, 33, 75, 1),
(258, '2019-04-12', 1, 34, 75, 1),
(259, '2019-04-12', 1, 35, 75, 1),
(260, '2019-04-12', 1, 36, 75, 1),
(261, '2019-04-12', 1, 37, 75, 1),
(262, '2019-04-12', 1, 38, 75, 1),
(263, '2019-04-12', 1, 39, 75, 1),
(264, '2019-04-12', 1, 40, 75, 1),
(265, '2019-04-12', 1, 41, 75, 1),
(266, '2019-04-12', 1, 42, 75, 1),
(267, '2019-04-12', 1, 43, 75, 1),
(268, '2019-04-12', 1, 44, 75, 1),
(269, '2019-04-12', 1, 45, 75, 1),
(270, '2019-04-12', 1, 46, 75, 1),
(271, '2019-04-12', 1, 47, 75, 1),
(272, '2019-04-12', 1, 48, 75, 1),
(273, '2019-04-12', 1, 49, 75, 1),
(274, '2019-04-12', 1, 50, 75, 1),
(275, '2019-04-12', 1, 51, 75, 1),
(276, '2019-04-12', 1, 52, 75, 1),
(277, '2019-04-12', 1, 53, 75, 1),
(278, '2019-04-12', 1, 54, 75, 1),
(279, '2019-04-12', 1, 55, 75, 1),
(280, '2019-04-12', 1, 56, 75, 1),
(281, '2019-04-12', 1, 57, 75, 1),
(282, '2019-04-12', 1, 58, 75, 1),
(283, '2019-04-12', 1, 59, 75, 1),
(284, '2019-04-12', 1, 60, 75, 1),
(285, '2019-04-12', 1, 61, 75, 1),
(286, '2019-04-12', 1, 62, 75, 1),
(287, '2019-04-12', 1, 63, 75, 1),
(288, '2019-04-12', 1, 64, 75, 1),
(289, '2019-04-12', 1, 65, 75, 1),
(290, '2019-04-12', 1, 66, 75, 1),
(291, '2019-04-12', 1, 67, 75, 1),
(292, '2019-04-12', 1, 68, 75, 1),
(293, '2019-04-12', 1, 69, 75, 1),
(294, '2019-04-12', 1, 70, 75, 1),
(295, '2019-04-12', 1, 71, 75, 1),
(296, '2019-04-12', 1, 72, 75, 1),
(297, '2019-04-12', 1, 73, 75, 1),
(298, '2019-04-12', 1, 74, 75, 1),
(299, '2019-04-12', 1, 75, 75, 1),
(300, '2019-04-12', 1, 76, 75, 1),
(301, '2019-04-12', 1, 77, 75, 1),
(302, '2019-04-12', 1, 78, 75, 1),
(303, '2019-04-12', 1, 79, 75, 1),
(304, '2019-04-12', 1, 80, 75, 1),
(305, '2019-04-12', 1, 81, 75, 1),
(306, '2019-04-12', 1, 82, 75, 1),
(307, '2019-04-12', 1, 83, 75, 1),
(308, '2019-04-12', 1, 84, 75, 1),
(309, '2019-04-12', 1, 85, 75, 1),
(310, '2019-04-12', 1, 86, 75, 1),
(311, '2019-04-12', 1, 87, 75, 1),
(312, '2019-04-12', 1, 88, 75, 1),
(313, '2019-04-12', 1, 89, 75, 1),
(314, '2019-04-12', 1, 90, 75, 1),
(315, '2019-04-12', 1, 91, 75, 1),
(316, '2019-04-12', 1, 92, 75, 1),
(317, '2019-05-02', 2, 1, 26, 1),
(318, '2019-05-02', 2, 2, 26, 0),
(319, '2019-05-02', 2, 3, 26, 1),
(320, '2019-05-02', 2, 4, 26, 0),
(321, '2019-05-02', 2, 5, 26, 1),
(322, '2019-05-02', 2, 6, 26, 1),
(323, '2019-05-02', 2, 7, 26, 1),
(324, '2019-05-02', 2, 8, 26, 1),
(325, '2019-05-02', 2, 9, 26, 1),
(326, '2019-05-02', 2, 10, 26, 1),
(327, '2019-05-02', 2, 11, 26, 1),
(328, '2019-05-02', 2, 12, 26, 1),
(329, '2019-05-02', 2, 13, 26, 1),
(330, '2019-05-02', 2, 14, 26, 1),
(331, '2019-05-02', 2, 15, 26, 1),
(332, '2019-05-02', 2, 16, 26, 1),
(333, '2019-05-02', 2, 17, 26, 0),
(334, '2019-05-02', 2, 18, 26, 1),
(335, '2019-05-02', 2, 19, 26, 1),
(336, '2019-05-02', 2, 20, 26, 1),
(337, '2019-05-02', 2, 21, 26, 1),
(338, '2019-05-02', 2, 22, 26, 1),
(339, '2019-05-02', 2, 23, 26, 1),
(340, '2019-05-02', 2, 24, 26, 0),
(341, '2019-05-02', 2, 25, 26, 1),
(342, '2019-05-02', 2, 26, 26, 1),
(343, '2019-05-02', 2, 27, 26, 1),
(344, '2019-05-02', 2, 28, 26, 1),
(345, '2019-05-02', 2, 29, 26, 1),
(346, '2019-05-02', 2, 30, 26, 1),
(347, '2019-05-02', 2, 31, 26, 1),
(348, '2019-05-02', 2, 32, 26, 1),
(349, '2019-05-02', 2, 33, 26, 1),
(350, '2019-05-02', 2, 34, 26, 1),
(351, '2019-05-02', 2, 35, 26, 1),
(352, '2019-05-02', 2, 36, 26, 1),
(353, '2019-05-02', 2, 37, 26, 1),
(354, '2019-05-02', 2, 38, 26, 1),
(355, '2019-05-02', 2, 39, 26, 0),
(356, '2019-05-02', 2, 40, 26, 1),
(357, '2019-05-02', 2, 41, 26, 0),
(358, '2019-05-02', 2, 42, 26, 1),
(359, '2019-05-02', 2, 43, 26, 1),
(360, '2019-05-02', 2, 44, 26, 1),
(361, '2019-05-02', 2, 45, 26, 1),
(362, '2019-05-02', 2, 46, 26, 1),
(363, '2019-05-02', 2, 47, 26, 1),
(364, '2019-05-02', 2, 48, 26, 1),
(365, '2019-05-02', 2, 49, 26, 1),
(366, '2019-05-02', 2, 50, 26, 1),
(367, '2019-05-02', 2, 51, 26, 1),
(368, '2019-05-02', 2, 52, 26, 1),
(369, '2019-05-02', 2, 53, 26, 1),
(370, '2019-05-02', 2, 54, 26, 1),
(371, '2019-05-02', 2, 55, 26, 1),
(372, '2019-05-02', 2, 56, 26, 1),
(373, '2019-05-02', 2, 57, 26, 1),
(374, '2019-05-02', 2, 58, 26, 1),
(375, '2019-05-02', 2, 59, 26, 1),
(376, '2019-05-02', 2, 60, 26, 1),
(377, '2019-05-02', 2, 61, 26, 1),
(378, '2019-05-02', 2, 62, 26, 1),
(379, '2019-05-02', 2, 63, 26, 1),
(380, '2019-05-02', 2, 64, 26, 1),
(381, '2019-05-02', 2, 65, 26, 0),
(382, '2019-05-02', 2, 66, 26, 1),
(383, '2019-05-02', 2, 67, 26, 1),
(384, '2019-05-02', 2, 68, 26, 1),
(385, '2019-05-02', 2, 69, 26, 1),
(386, '2019-05-02', 2, 70, 26, 1),
(387, '2019-05-02', 2, 71, 26, 1),
(388, '2019-05-02', 2, 72, 26, 1),
(389, '2019-05-02', 2, 73, 26, 1),
(390, '2019-05-02', 2, 74, 26, 1),
(391, '2019-05-02', 2, 75, 26, 1),
(392, '2019-05-02', 2, 76, 26, 1),
(393, '2019-05-02', 2, 77, 26, 1),
(394, '2019-05-02', 2, 78, 26, 1),
(395, '2019-05-02', 2, 79, 26, 1),
(396, '2019-05-02', 2, 80, 26, 1),
(397, '2019-05-02', 2, 81, 26, 1),
(398, '2019-05-02', 2, 82, 26, 1),
(399, '2019-05-02', 2, 83, 26, 1),
(400, '2019-05-02', 2, 84, 26, 1),
(401, '2019-05-02', 2, 85, 26, 1),
(402, '2019-05-02', 2, 86, 26, 1),
(403, '2019-05-02', 2, 87, 26, 1),
(404, '2019-05-02', 2, 88, 26, 1),
(405, '2019-05-02', 2, 89, 26, 1),
(406, '2019-05-02', 2, 90, 26, 1),
(407, '2019-05-02', 2, 91, 26, 1),
(408, '2019-05-02', 2, 92, 26, 1),
(409, '2019-05-03', 1, 1, 75, 0),
(410, '2019-05-03', 1, 2, 75, 1),
(411, '2019-05-03', 1, 3, 75, 1),
(412, '2019-05-03', 1, 4, 75, 1),
(413, '2019-05-03', 1, 5, 75, 1),
(414, '2019-05-03', 1, 6, 75, 1),
(415, '2019-05-03', 1, 7, 75, 1),
(416, '2019-05-03', 1, 8, 75, 1),
(417, '2019-05-03', 1, 9, 75, 1),
(418, '2019-05-03', 1, 10, 75, 1),
(419, '2019-05-03', 1, 11, 75, 1),
(420, '2019-05-03', 1, 12, 75, 1),
(421, '2019-05-03', 1, 13, 75, 1),
(422, '2019-05-03', 1, 14, 75, 1),
(423, '2019-05-03', 1, 15, 75, 1),
(424, '2019-05-03', 1, 16, 75, 1),
(425, '2019-05-03', 1, 17, 75, 0),
(426, '2019-05-03', 1, 18, 75, 1),
(427, '2019-05-03', 1, 19, 75, 1),
(428, '2019-05-03', 1, 20, 75, 1),
(429, '2019-05-03', 1, 21, 75, 1),
(430, '2019-05-03', 1, 22, 75, 1),
(431, '2019-05-03', 1, 23, 75, 1),
(432, '2019-05-03', 1, 24, 75, 1),
(433, '2019-05-03', 1, 25, 75, 1),
(434, '2019-05-03', 1, 26, 75, 0),
(435, '2019-05-03', 1, 27, 75, 1),
(436, '2019-05-03', 1, 28, 75, 1),
(437, '2019-05-03', 1, 29, 75, 1),
(438, '2019-05-03', 1, 30, 75, 1),
(439, '2019-05-03', 1, 31, 75, 1),
(440, '2019-05-03', 1, 32, 75, 1),
(441, '2019-05-03', 1, 33, 75, 1),
(442, '2019-05-03', 1, 34, 75, 1),
(443, '2019-05-03', 1, 35, 75, 1),
(444, '2019-05-03', 1, 36, 75, 1),
(445, '2019-05-03', 1, 37, 75, 1),
(446, '2019-05-03', 1, 38, 75, 1),
(447, '2019-05-03', 1, 39, 75, 1),
(448, '2019-05-03', 1, 40, 75, 1),
(449, '2019-05-03', 1, 41, 75, 1),
(450, '2019-05-03', 1, 42, 75, 1),
(451, '2019-05-03', 1, 43, 75, 1),
(452, '2019-05-03', 1, 44, 75, 1),
(453, '2019-05-03', 1, 45, 75, 1),
(454, '2019-05-03', 1, 46, 75, 1),
(455, '2019-05-03', 1, 47, 75, 1),
(456, '2019-05-03', 1, 48, 75, 1),
(457, '2019-05-03', 1, 49, 75, 1),
(458, '2019-05-03', 1, 50, 75, 1),
(459, '2019-05-03', 1, 51, 75, 1),
(460, '2019-05-03', 1, 52, 75, 1),
(461, '2019-05-03', 1, 53, 75, 1),
(462, '2019-05-03', 1, 54, 75, 1),
(463, '2019-05-03', 1, 55, 75, 1),
(464, '2019-05-03', 1, 56, 75, 1),
(465, '2019-05-03', 1, 57, 75, 1),
(466, '2019-05-03', 1, 58, 75, 1),
(467, '2019-05-03', 1, 59, 75, 1),
(468, '2019-05-03', 1, 60, 75, 1),
(469, '2019-05-03', 1, 61, 75, 1),
(470, '2019-05-03', 1, 62, 75, 1),
(471, '2019-05-03', 1, 63, 75, 1),
(472, '2019-05-03', 1, 64, 75, 1),
(473, '2019-05-03', 1, 65, 75, 0),
(474, '2019-05-03', 1, 66, 75, 1),
(475, '2019-05-03', 1, 67, 75, 1),
(476, '2019-05-03', 1, 68, 75, 1),
(477, '2019-05-03', 1, 69, 75, 1),
(478, '2019-05-03', 1, 70, 75, 1),
(479, '2019-05-03', 1, 71, 75, 1),
(480, '2019-05-03', 1, 72, 75, 1),
(481, '2019-05-03', 1, 73, 75, 1),
(482, '2019-05-03', 1, 74, 75, 1),
(483, '2019-05-03', 1, 75, 75, 1),
(484, '2019-05-03', 1, 76, 75, 1),
(485, '2019-05-03', 1, 77, 75, 1),
(486, '2019-05-03', 1, 78, 75, 1),
(487, '2019-05-03', 1, 79, 75, 1),
(488, '2019-05-03', 1, 80, 75, 1),
(489, '2019-05-03', 1, 81, 75, 1),
(490, '2019-05-03', 1, 82, 75, 1),
(491, '2019-05-03', 1, 83, 75, 1),
(492, '2019-05-03', 1, 84, 75, 1),
(493, '2019-05-03', 1, 85, 75, 1),
(494, '2019-05-03', 1, 86, 75, 1),
(495, '2019-05-03', 1, 87, 75, 1),
(496, '2019-05-03', 1, 88, 75, 1),
(497, '2019-05-03', 1, 89, 75, 1),
(498, '2019-05-03', 1, 90, 75, 1),
(499, '2019-05-03', 1, 91, 75, 1),
(500, '2019-05-03', 1, 92, 75, 1),
(501, '2019-05-03', 3, 1, 75, 1),
(502, '2019-05-03', 3, 2, 75, 1),
(503, '2019-05-03', 3, 3, 75, 1),
(504, '2019-05-03', 3, 4, 75, 1),
(505, '2019-05-03', 3, 5, 75, 1),
(506, '2019-05-03', 3, 6, 75, 1),
(507, '2019-05-03', 3, 7, 75, 1),
(508, '2019-05-03', 3, 8, 75, 1),
(509, '2019-05-03', 3, 9, 75, 1),
(510, '2019-05-03', 3, 10, 75, 1),
(511, '2019-05-03', 3, 11, 75, 1),
(512, '2019-05-03', 3, 12, 75, 1),
(513, '2019-05-03', 3, 13, 75, 1),
(514, '2019-05-03', 3, 14, 75, 1),
(515, '2019-05-03', 3, 15, 75, 1),
(516, '2019-05-03', 3, 16, 75, 1),
(517, '2019-05-03', 3, 17, 75, 0),
(518, '2019-05-03', 3, 18, 75, 1),
(519, '2019-05-03', 3, 19, 75, 1),
(520, '2019-05-03', 3, 20, 75, 1),
(521, '2019-05-03', 3, 21, 75, 1),
(522, '2019-05-03', 3, 22, 75, 1),
(523, '2019-05-03', 3, 23, 75, 1),
(524, '2019-05-03', 3, 24, 75, 0),
(525, '2019-05-03', 3, 25, 75, 1),
(526, '2019-05-03', 3, 26, 75, 1),
(527, '2019-05-03', 3, 27, 75, 1),
(528, '2019-05-03', 3, 28, 75, 1),
(529, '2019-05-03', 3, 29, 75, 1),
(530, '2019-05-03', 3, 30, 75, 1),
(531, '2019-05-03', 3, 31, 75, 1),
(532, '2019-05-03', 3, 32, 75, 1),
(533, '2019-05-03', 3, 33, 75, 1),
(534, '2019-05-03', 3, 34, 75, 1),
(535, '2019-05-03', 3, 35, 75, 1),
(536, '2019-05-03', 3, 36, 75, 1),
(537, '2019-05-03', 3, 37, 75, 1),
(538, '2019-05-03', 3, 38, 75, 1),
(539, '2019-05-03', 3, 39, 75, 1),
(540, '2019-05-03', 3, 40, 75, 1),
(541, '2019-05-03', 3, 41, 75, 1),
(542, '2019-05-03', 3, 42, 75, 1),
(543, '2019-05-03', 3, 43, 75, 1),
(544, '2019-05-03', 3, 44, 75, 1),
(545, '2019-05-03', 3, 45, 75, 1),
(546, '2019-05-03', 3, 46, 75, 0),
(547, '2019-05-03', 3, 47, 75, 1),
(548, '2019-05-03', 3, 48, 75, 1),
(549, '2019-05-03', 3, 49, 75, 1),
(550, '2019-05-03', 3, 50, 75, 1),
(551, '2019-05-03', 3, 51, 75, 1),
(552, '2019-05-03', 3, 52, 75, 1),
(553, '2019-05-03', 3, 53, 75, 1),
(554, '2019-05-03', 3, 54, 75, 1),
(555, '2019-05-03', 3, 55, 75, 1),
(556, '2019-05-03', 3, 56, 75, 1),
(557, '2019-05-03', 3, 57, 75, 1),
(558, '2019-05-03', 3, 58, 75, 1),
(559, '2019-05-03', 3, 59, 75, 1),
(560, '2019-05-03', 3, 60, 75, 1),
(561, '2019-05-03', 3, 61, 75, 1),
(562, '2019-05-03', 3, 62, 75, 1),
(563, '2019-05-03', 3, 63, 75, 1),
(564, '2019-05-03', 3, 64, 75, 1),
(565, '2019-05-03', 3, 65, 75, 1),
(566, '2019-05-03', 3, 66, 75, 1),
(567, '2019-05-03', 3, 67, 75, 1),
(568, '2019-05-03', 3, 68, 75, 1),
(569, '2019-05-03', 3, 69, 75, 1),
(570, '2019-05-03', 3, 70, 75, 1),
(571, '2019-05-03', 3, 71, 75, 1),
(572, '2019-05-03', 3, 72, 75, 1),
(573, '2019-05-03', 3, 73, 75, 1),
(574, '2019-05-03', 3, 74, 75, 1),
(575, '2019-05-03', 3, 75, 75, 1),
(576, '2019-05-03', 3, 76, 75, 1),
(577, '2019-05-03', 3, 77, 75, 1),
(578, '2019-05-03', 3, 78, 75, 1),
(579, '2019-05-03', 3, 79, 75, 1),
(580, '2019-05-03', 3, 80, 75, 1),
(581, '2019-05-03', 3, 81, 75, 1),
(582, '2019-05-03', 3, 82, 75, 1),
(583, '2019-05-03', 3, 83, 75, 1),
(584, '2019-05-03', 3, 84, 75, 1),
(585, '2019-05-03', 3, 85, 75, 1),
(586, '2019-05-03', 3, 86, 75, 1),
(587, '2019-05-03', 3, 87, 75, 1),
(588, '2019-05-03', 3, 88, 75, 1),
(589, '2019-05-03', 3, 89, 75, 1),
(590, '2019-05-03', 3, 90, 75, 1),
(591, '2019-05-03', 3, 91, 75, 1),
(592, '2019-05-03', 3, 92, 75, 1),
(593, '2019-05-13', 2, 93, 75, 1),
(594, '2019-05-13', 2, 94, 75, 1),
(595, '2019-05-13', 2, 95, 75, 1),
(596, '2019-05-13', 2, 96, 75, 1),
(597, '2019-05-13', 3, 93, 107, 1),
(598, '2019-05-13', 3, 94, 107, 1),
(599, '2019-05-13', 3, 95, 107, 0),
(600, '2019-05-13', 3, 96, 107, 1),
(601, '2019-05-21', 4, 1, 26, 1),
(602, '2019-05-21', 4, 2, 26, 1),
(603, '2019-05-21', 4, 3, 26, 1),
(604, '2019-05-21', 4, 4, 26, 1),
(605, '2019-05-21', 4, 5, 26, 1),
(606, '2019-05-21', 4, 6, 26, 1),
(607, '2019-05-21', 4, 7, 26, 1),
(608, '2019-05-21', 4, 8, 26, 1),
(609, '2019-05-21', 4, 9, 26, 1),
(610, '2019-05-21', 4, 10, 26, 1),
(611, '2019-05-21', 4, 11, 26, 1),
(612, '2019-05-21', 4, 12, 26, 1),
(613, '2019-05-21', 4, 13, 26, 1),
(614, '2019-05-21', 4, 14, 26, 1),
(615, '2019-05-21', 4, 15, 26, 1),
(616, '2019-05-21', 4, 16, 26, 1),
(617, '2019-05-21', 4, 17, 26, 0),
(618, '2019-05-21', 4, 18, 26, 1),
(619, '2019-05-21', 4, 19, 26, 1),
(620, '2019-05-21', 4, 20, 26, 1),
(621, '2019-05-21', 4, 21, 26, 1),
(622, '2019-05-21', 4, 22, 26, 1),
(623, '2019-05-21', 4, 23, 26, 0),
(624, '2019-05-21', 4, 24, 26, 1),
(625, '2019-05-21', 4, 25, 26, 1),
(626, '2019-05-21', 4, 26, 26, 1),
(627, '2019-05-21', 4, 27, 26, 1),
(628, '2019-05-21', 4, 28, 26, 1),
(629, '2019-05-21', 4, 29, 26, 1),
(630, '2019-05-21', 4, 30, 26, 1),
(631, '2019-05-21', 4, 31, 26, 1),
(632, '2019-05-21', 4, 32, 26, 1),
(633, '2019-05-21', 4, 33, 26, 1),
(634, '2019-05-21', 4, 34, 26, 1),
(635, '2019-05-21', 4, 35, 26, 1),
(636, '2019-05-21', 4, 36, 26, 1),
(637, '2019-05-21', 4, 37, 26, 1),
(638, '2019-05-21', 4, 38, 26, 1),
(639, '2019-05-21', 4, 39, 26, 1),
(640, '2019-05-21', 4, 40, 26, 1),
(641, '2019-05-21', 4, 41, 26, 1),
(642, '2019-05-21', 4, 42, 26, 1),
(643, '2019-05-21', 4, 43, 26, 1),
(644, '2019-05-21', 4, 44, 26, 1),
(645, '2019-05-21', 4, 45, 26, 0),
(646, '2019-05-21', 4, 46, 26, 1),
(647, '2019-05-21', 4, 47, 26, 1),
(648, '2019-05-21', 4, 48, 26, 1),
(649, '2019-05-21', 4, 49, 26, 1),
(650, '2019-05-21', 4, 50, 26, 1),
(651, '2019-05-21', 4, 51, 26, 1),
(652, '2019-05-21', 4, 52, 26, 1),
(653, '2019-05-21', 4, 53, 26, 1),
(654, '2019-05-21', 4, 54, 26, 1),
(655, '2019-05-21', 4, 55, 26, 1),
(656, '2019-05-21', 4, 56, 26, 1),
(657, '2019-05-21', 4, 57, 26, 1),
(658, '2019-05-21', 4, 58, 26, 1),
(659, '2019-05-21', 4, 59, 26, 1),
(660, '2019-05-21', 4, 60, 26, 1),
(661, '2019-05-21', 4, 61, 26, 1),
(662, '2019-05-21', 4, 62, 26, 1),
(663, '2019-05-21', 4, 63, 26, 1),
(664, '2019-05-21', 4, 64, 26, 1),
(665, '2019-05-21', 4, 65, 26, 1),
(666, '2019-05-21', 4, 66, 26, 1),
(667, '2019-05-21', 4, 67, 26, 1),
(668, '2019-05-21', 4, 68, 26, 1),
(669, '2019-05-21', 4, 69, 26, 1),
(670, '2019-05-21', 4, 70, 26, 1),
(671, '2019-05-21', 4, 71, 26, 1),
(672, '2019-05-21', 4, 72, 26, 1),
(673, '2019-05-21', 4, 73, 26, 1),
(674, '2019-05-21', 4, 74, 26, 1),
(675, '2019-05-21', 4, 75, 26, 1),
(676, '2019-05-21', 4, 76, 26, 1),
(677, '2019-05-21', 4, 77, 26, 1),
(678, '2019-05-21', 4, 78, 26, 1),
(679, '2019-05-21', 4, 79, 26, 1),
(680, '2019-05-21', 4, 80, 26, 1),
(681, '2019-05-21', 4, 81, 26, 1),
(682, '2019-05-21', 4, 82, 26, 1),
(683, '2019-05-21', 4, 83, 26, 1),
(684, '2019-05-21', 4, 84, 26, 1),
(685, '2019-05-21', 4, 85, 26, 1),
(686, '2019-05-21', 4, 86, 26, 1),
(687, '2019-05-21', 4, 87, 26, 1),
(688, '2019-05-21', 4, 88, 26, 1),
(689, '2019-05-21', 4, 89, 26, 1),
(690, '2019-05-21', 4, 90, 26, 1),
(691, '2019-05-21', 4, 91, 26, 1),
(692, '2019-05-21', 4, 92, 26, 1),
(693, '2019-05-21', 2, 93, 26, 1),
(694, '2019-05-21', 2, 94, 26, 1),
(695, '2019-05-21', 2, 95, 26, 0),
(696, '2019-05-21', 2, 96, 26, 1),
(697, '2019-05-23', 4, 1, 26, 1),
(698, '2019-05-23', 4, 2, 26, 1),
(699, '2019-05-23', 4, 3, 26, 1),
(700, '2019-05-23', 4, 4, 26, 1),
(701, '2019-05-23', 4, 5, 26, 1),
(702, '2019-05-23', 4, 6, 26, 1),
(703, '2019-05-23', 4, 7, 26, 0),
(704, '2019-05-23', 4, 8, 26, 1),
(705, '2019-05-23', 4, 9, 26, 1),
(706, '2019-05-23', 4, 10, 26, 1),
(707, '2019-05-23', 4, 11, 26, 1),
(708, '2019-05-23', 4, 12, 26, 1),
(709, '2019-05-23', 4, 13, 26, 1),
(710, '2019-05-23', 4, 14, 26, 1),
(711, '2019-05-23', 4, 15, 26, 1),
(712, '2019-05-23', 4, 16, 26, 1),
(713, '2019-05-23', 4, 17, 26, 0),
(714, '2019-05-23', 4, 18, 26, 1),
(715, '2019-05-23', 4, 19, 26, 1),
(716, '2019-05-23', 4, 20, 26, 1),
(717, '2019-05-23', 4, 21, 26, 1),
(718, '2019-05-23', 4, 22, 26, 1),
(719, '2019-05-23', 4, 23, 26, 1),
(720, '2019-05-23', 4, 24, 26, 1),
(721, '2019-05-23', 4, 25, 26, 1),
(722, '2019-05-23', 4, 26, 26, 1),
(723, '2019-05-23', 4, 27, 26, 1),
(724, '2019-05-23', 4, 28, 26, 1),
(725, '2019-05-23', 4, 29, 26, 1),
(726, '2019-05-23', 4, 30, 26, 1),
(727, '2019-05-23', 4, 31, 26, 1),
(728, '2019-05-23', 4, 32, 26, 1),
(729, '2019-05-23', 4, 33, 26, 1),
(730, '2019-05-23', 4, 34, 26, 1),
(731, '2019-05-23', 4, 35, 26, 1),
(732, '2019-05-23', 4, 36, 26, 1),
(733, '2019-05-23', 4, 37, 26, 1),
(734, '2019-05-23', 4, 38, 26, 1),
(735, '2019-05-23', 4, 39, 26, 1),
(736, '2019-05-23', 4, 40, 26, 1),
(737, '2019-05-23', 4, 41, 26, 1),
(738, '2019-05-23', 4, 42, 26, 1),
(739, '2019-05-23', 4, 43, 26, 1),
(740, '2019-05-23', 4, 44, 26, 0),
(741, '2019-05-23', 4, 45, 26, 1),
(742, '2019-05-23', 4, 46, 26, 1),
(743, '2019-05-23', 4, 47, 26, 1),
(744, '2019-05-23', 4, 48, 26, 1),
(745, '2019-05-23', 4, 49, 26, 1),
(746, '2019-05-23', 4, 50, 26, 1),
(747, '2019-05-23', 4, 51, 26, 1),
(748, '2019-05-23', 4, 52, 26, 1),
(749, '2019-05-23', 4, 53, 26, 1),
(750, '2019-05-23', 4, 54, 26, 1),
(751, '2019-05-23', 4, 55, 26, 1),
(752, '2019-05-23', 4, 56, 26, 1),
(753, '2019-05-23', 4, 57, 26, 1),
(754, '2019-05-23', 4, 58, 26, 1),
(755, '2019-05-23', 4, 59, 26, 1),
(756, '2019-05-23', 4, 60, 26, 1),
(757, '2019-05-23', 4, 61, 26, 1),
(758, '2019-05-23', 4, 62, 26, 1),
(759, '2019-05-23', 4, 63, 26, 1),
(760, '2019-05-23', 4, 64, 26, 1),
(761, '2019-05-23', 4, 65, 26, 1),
(762, '2019-05-23', 4, 66, 26, 1),
(763, '2019-05-23', 4, 67, 26, 1),
(764, '2019-05-23', 4, 68, 26, 1),
(765, '2019-05-23', 4, 69, 26, 1),
(766, '2019-05-23', 4, 70, 26, 1),
(767, '2019-05-23', 4, 71, 26, 1),
(768, '2019-05-23', 4, 72, 26, 1),
(769, '2019-05-23', 4, 73, 26, 1),
(770, '2019-05-23', 4, 74, 26, 1),
(771, '2019-05-23', 4, 75, 26, 1),
(772, '2019-05-23', 4, 76, 26, 1),
(773, '2019-05-23', 4, 77, 26, 1),
(774, '2019-05-23', 4, 78, 26, 1),
(775, '2019-05-23', 4, 79, 26, 1),
(776, '2019-05-23', 4, 80, 26, 1),
(777, '2019-05-23', 4, 81, 26, 1),
(778, '2019-05-23', 4, 82, 26, 1),
(779, '2019-05-23', 4, 83, 26, 1),
(780, '2019-05-23', 4, 84, 26, 1),
(781, '2019-05-23', 4, 85, 26, 1),
(782, '2019-05-23', 4, 86, 26, 1),
(783, '2019-05-23', 4, 87, 26, 1),
(784, '2019-05-23', 4, 88, 26, 1),
(785, '2019-05-23', 4, 89, 26, 1),
(786, '2019-05-23', 4, 90, 26, 1),
(787, '2019-05-23', 4, 91, 26, 1),
(788, '2019-05-23', 4, 92, 26, 1),
(789, '2019-05-23', 2, 1, 26, 1),
(790, '2019-05-23', 2, 2, 26, 1),
(791, '2019-05-23', 2, 3, 26, 1),
(792, '2019-05-23', 2, 4, 26, 1),
(793, '2019-05-23', 2, 5, 26, 1),
(794, '2019-05-23', 2, 6, 26, 1),
(795, '2019-05-23', 2, 7, 26, 1),
(796, '2019-05-23', 2, 8, 26, 1),
(797, '2019-05-23', 2, 9, 26, 1),
(798, '2019-05-23', 2, 10, 26, 1),
(799, '2019-05-23', 2, 11, 26, 1),
(800, '2019-05-23', 2, 12, 26, 1),
(801, '2019-05-23', 2, 13, 26, 1),
(802, '2019-05-23', 2, 14, 26, 1),
(803, '2019-05-23', 2, 15, 26, 1),
(804, '2019-05-23', 2, 16, 26, 1),
(805, '2019-05-23', 2, 17, 26, 0),
(806, '2019-05-23', 2, 18, 26, 1),
(807, '2019-05-23', 2, 19, 26, 0),
(808, '2019-05-23', 2, 20, 26, 1),
(809, '2019-05-23', 2, 21, 26, 1),
(810, '2019-05-23', 2, 22, 26, 1),
(811, '2019-05-23', 2, 23, 26, 1),
(812, '2019-05-23', 2, 24, 26, 1),
(813, '2019-05-23', 2, 25, 26, 1),
(814, '2019-05-23', 2, 26, 26, 1),
(815, '2019-05-23', 2, 27, 26, 1),
(816, '2019-05-23', 2, 28, 26, 1),
(817, '2019-05-23', 2, 29, 26, 1),
(818, '2019-05-23', 2, 30, 26, 1),
(819, '2019-05-23', 2, 31, 26, 1),
(820, '2019-05-23', 2, 32, 26, 1),
(821, '2019-05-23', 2, 33, 26, 1),
(822, '2019-05-23', 2, 34, 26, 1),
(823, '2019-05-23', 2, 35, 26, 1),
(824, '2019-05-23', 2, 36, 26, 1),
(825, '2019-05-23', 2, 37, 26, 1),
(826, '2019-05-23', 2, 38, 26, 1),
(827, '2019-05-23', 2, 39, 26, 1),
(828, '2019-05-23', 2, 40, 26, 1),
(829, '2019-05-23', 2, 41, 26, 1),
(830, '2019-05-23', 2, 42, 26, 0),
(831, '2019-05-23', 2, 43, 26, 1),
(832, '2019-05-23', 2, 44, 26, 1),
(833, '2019-05-23', 2, 45, 26, 1),
(834, '2019-05-23', 2, 46, 26, 1),
(835, '2019-05-23', 2, 47, 26, 1),
(836, '2019-05-23', 2, 48, 26, 1),
(837, '2019-05-23', 2, 49, 26, 1),
(838, '2019-05-23', 2, 50, 26, 1),
(839, '2019-05-23', 2, 51, 26, 1),
(840, '2019-05-23', 2, 52, 26, 1),
(841, '2019-05-23', 2, 53, 26, 1),
(842, '2019-05-23', 2, 54, 26, 1),
(843, '2019-05-23', 2, 55, 26, 1),
(844, '2019-05-23', 2, 56, 26, 1),
(845, '2019-05-23', 2, 57, 26, 1),
(846, '2019-05-23', 2, 58, 26, 1),
(847, '2019-05-23', 2, 59, 26, 1),
(848, '2019-05-23', 2, 60, 26, 1),
(849, '2019-05-23', 2, 61, 26, 1),
(850, '2019-05-23', 2, 62, 26, 1),
(851, '2019-05-23', 2, 63, 26, 1),
(852, '2019-05-23', 2, 64, 26, 1),
(853, '2019-05-23', 2, 65, 26, 1),
(854, '2019-05-23', 2, 66, 26, 0),
(855, '2019-05-23', 2, 67, 26, 1),
(856, '2019-05-23', 2, 68, 26, 1),
(857, '2019-05-23', 2, 69, 26, 1),
(858, '2019-05-23', 2, 70, 26, 1),
(859, '2019-05-23', 2, 71, 26, 1),
(860, '2019-05-23', 2, 72, 26, 1),
(861, '2019-05-23', 2, 73, 26, 1),
(862, '2019-05-23', 2, 74, 26, 1),
(863, '2019-05-23', 2, 75, 26, 1),
(864, '2019-05-23', 2, 76, 26, 1),
(865, '2019-05-23', 2, 77, 26, 1),
(866, '2019-05-23', 2, 78, 26, 1),
(867, '2019-05-23', 2, 79, 26, 1),
(868, '2019-05-23', 2, 80, 26, 1),
(869, '2019-05-23', 2, 81, 26, 1),
(870, '2019-05-23', 2, 82, 26, 1),
(871, '2019-05-23', 2, 83, 26, 1),
(872, '2019-05-23', 2, 84, 26, 1),
(873, '2019-05-23', 2, 85, 26, 1),
(874, '2019-05-23', 2, 86, 26, 1),
(875, '2019-05-23', 2, 87, 26, 1),
(876, '2019-05-23', 2, 88, 26, 1),
(877, '2019-05-23', 2, 89, 26, 1),
(878, '2019-05-23', 2, 90, 26, 1),
(879, '2019-05-23', 2, 91, 26, 1),
(880, '2019-05-23', 2, 92, 26, 1),
(881, '2019-05-23', 2, 93, 75, 1),
(882, '2019-05-23', 2, 94, 75, 1),
(883, '2019-05-23', 2, 95, 75, 1),
(884, '2019-05-23', 2, 96, 75, 1),
(885, '2019-05-23', 5, 93, 26, 1),
(886, '2019-05-23', 5, 94, 26, 1),
(887, '2019-05-23', 5, 95, 26, 1),
(888, '2019-05-23', 5, 96, 26, 1),
(889, '2019-05-26', 1, 93, 26, 1),
(890, '2019-05-26', 1, 94, 26, 1),
(891, '2019-05-26', 1, 95, 26, 0),
(892, '2019-05-26', 1, 96, 26, 1),
(893, '2019-05-26', 2, 2, 26, 1),
(894, '2019-05-26', 2, 3, 26, 1),
(895, '2019-05-26', 2, 4, 26, 1),
(896, '2019-05-26', 2, 5, 26, 1),
(897, '2019-05-26', 2, 6, 26, 1),
(898, '2019-05-26', 2, 7, 26, 1),
(899, '2019-05-26', 2, 8, 26, 1),
(900, '2019-05-26', 2, 9, 26, 1),
(901, '2019-05-26', 2, 10, 26, 1),
(902, '2019-05-26', 2, 11, 26, 1),
(903, '2019-05-26', 2, 12, 26, 1),
(904, '2019-05-26', 2, 13, 26, 1),
(905, '2019-05-26', 2, 14, 26, 1),
(906, '2019-05-26', 2, 15, 26, 1),
(907, '2019-05-26', 2, 17, 26, 1),
(908, '2019-05-26', 2, 18, 26, 1),
(909, '2019-05-26', 2, 19, 26, 1),
(910, '2019-05-26', 2, 20, 26, 1),
(911, '2019-05-26', 2, 21, 26, 1),
(912, '2019-05-26', 2, 22, 26, 1),
(913, '2019-05-26', 2, 23, 26, 1),
(914, '2019-05-26', 2, 24, 26, 1),
(915, '2019-05-26', 2, 25, 26, 1),
(916, '2019-05-26', 2, 26, 26, 1),
(917, '2019-05-26', 2, 27, 26, 1),
(918, '2019-05-26', 2, 28, 26, 1),
(919, '2019-05-26', 2, 29, 26, 1),
(920, '2019-05-26', 2, 30, 26, 1),
(921, '2019-05-26', 2, 31, 26, 1),
(922, '2019-05-26', 2, 32, 26, 1),
(923, '2019-05-26', 2, 33, 26, 1),
(924, '2019-05-26', 2, 34, 26, 1),
(925, '2019-05-26', 2, 35, 26, 1),
(926, '2019-05-26', 2, 36, 26, 1),
(927, '2019-05-26', 2, 37, 26, 1),
(928, '2019-05-26', 2, 38, 26, 1),
(929, '2019-05-26', 2, 39, 26, 1),
(930, '2019-05-26', 2, 40, 26, 1),
(931, '2019-05-26', 2, 41, 26, 1),
(932, '2019-05-26', 2, 42, 26, 1),
(933, '2019-05-26', 2, 43, 26, 1),
(934, '2019-05-26', 2, 44, 26, 1),
(935, '2019-05-26', 2, 45, 26, 1),
(936, '2019-05-26', 2, 46, 26, 1),
(937, '2019-05-26', 2, 47, 26, 1),
(938, '2019-05-26', 2, 48, 26, 1),
(939, '2019-05-26', 2, 49, 26, 1),
(940, '2019-05-26', 2, 50, 26, 1),
(941, '2019-05-26', 2, 51, 26, 1),
(942, '2019-05-26', 2, 52, 26, 1),
(943, '2019-05-26', 2, 53, 26, 1),
(944, '2019-05-26', 2, 54, 26, 1),
(945, '2019-05-26', 2, 55, 26, 1),
(946, '2019-05-26', 2, 56, 26, 1),
(947, '2019-05-26', 2, 57, 26, 1),
(948, '2019-05-26', 2, 58, 26, 1),
(949, '2019-05-26', 2, 59, 26, 1),
(950, '2019-05-26', 2, 60, 26, 1),
(951, '2019-05-26', 2, 61, 26, 1),
(952, '2019-05-26', 2, 62, 26, 1),
(953, '2019-05-26', 2, 63, 26, 1),
(954, '2019-05-26', 2, 64, 26, 1),
(955, '2019-05-26', 2, 65, 26, 1),
(956, '2019-05-26', 2, 66, 26, 1),
(957, '2019-05-26', 2, 67, 26, 1),
(958, '2019-05-26', 2, 68, 26, 1),
(959, '2019-05-26', 2, 69, 26, 1),
(960, '2019-05-26', 2, 70, 26, 1),
(961, '2019-05-26', 2, 71, 26, 1),
(962, '2019-05-26', 2, 72, 26, 1),
(963, '2019-05-26', 2, 73, 26, 1),
(964, '2019-05-26', 2, 74, 26, 1),
(965, '2019-05-26', 2, 75, 26, 1),
(966, '2019-05-26', 2, 76, 26, 1),
(967, '2019-05-26', 2, 77, 26, 1),
(968, '2019-05-26', 2, 78, 26, 1),
(969, '2019-05-26', 2, 79, 26, 1),
(970, '2019-05-26', 2, 80, 26, 1),
(971, '2019-05-26', 2, 81, 26, 1),
(972, '2019-05-26', 2, 82, 26, 1),
(973, '2019-05-26', 2, 83, 26, 1),
(974, '2019-05-26', 2, 84, 26, 1),
(975, '2019-05-26', 2, 85, 26, 1),
(976, '2019-05-26', 2, 86, 26, 1),
(977, '2019-05-26', 2, 87, 26, 1),
(978, '2019-05-26', 2, 88, 26, 1),
(979, '2019-05-26', 2, 89, 26, 1),
(980, '2019-05-26', 2, 90, 26, 1),
(981, '2019-05-26', 2, 91, 26, 1),
(982, '2019-05-26', 2, 92, 26, 1);

-- --------------------------------------------------------

--
-- Table structure for table `classes_master`
--

CREATE TABLE `classes_master` (
  `class_id` int(10) NOT NULL,
  `class_name` varchar(255) NOT NULL,
  `class_sections` varchar(255) NOT NULL,
  `file_name` varchar(255) NOT NULL
) ENGINE=InnoDB DEFAULT CHARSET=latin1;

--
-- Dumping data for table `classes_master`
--

INSERT INTO `classes_master` (`class_id`, `class_name`, `class_sections`, `file_name`) VALUES
(1, 'First', 'A', 'first_a'),
(2, 'First', 'B', 'first_b'),
(3, 'First', 'C', 'first_c');

-- --------------------------------------------------------

--
-- Table structure for table `class_notifications`
--

CREATE TABLE `class_notifications` (
  `id` int(10) NOT NULL,
  `from_type` varchar(10) NOT NULL,
  `to_type` varchar(10) NOT NULL,
  `class` varchar(10) NOT NULL,
  `section` varchar(10) NOT NULL,
  `message` text NOT NULL,
  `created_on` datetime NOT NULL
) ENGINE=InnoDB DEFAULT CHARSET=latin1;

--
-- Dumping data for table `class_notifications`
--

INSERT INTO `class_notifications` (`id`, `from_type`, `to_type`, `class`, `section`, `message`, `created_on`) VALUES
(3, 'staff', 'student', 'First', '1', 'hello', '2019-05-26 18:48:21'),
(4, 'staff', 'student', 'First', '1', 'hdiaskkushc', '2019-05-26 20:46:47'),
(5, 'staff', 'student', 'First', '1', 'hello class', '2019-05-26 23:50:17');

-- --------------------------------------------------------

--
-- Table structure for table `course`
--

CREATE TABLE `course` (
  `c_id` int(2) NOT NULL,
  `cname` varchar(15) NOT NULL
) ENGINE=InnoDB DEFAULT CHARSET=latin1;

--
-- Dumping data for table `course`
--

INSERT INTO `course` (`c_id`, `cname`) VALUES
(0, 'First'),
(1, 'Second'),
(2, 'MCA&MBA');

-- --------------------------------------------------------

--
-- Table structure for table `days`
--

CREATE TABLE `days` (
  `date` date NOT NULL,
  `holiday` tinyint(1) NOT NULL,
  `day` varchar(3) NOT NULL,
  `ac_year_id` int(11) NOT NULL
) ENGINE=InnoDB DEFAULT CHARSET=latin1;

--
-- Dumping data for table `days`
--

INSERT INTO `days` (`date`, `holiday`, `day`, `ac_year_id`) VALUES
('2018-01-01', 0, 'Mon', 28),
('2018-01-02', 0, 'Tue', 28),
('2018-01-03', 0, 'Wed', 28),
('2018-01-04', 0, 'Thu', 28),
('2018-01-05', 0, 'Fri', 28),
('2018-01-06', 0, 'Sat', 28),
('2018-01-07', 1, 'Sun', 28),
('2018-01-08', 0, 'Mon', 28),
('2018-01-09', 0, 'Tue', 28),
('2018-01-10', 0, 'Wed', 28),
('2018-01-11', 0, 'Thu', 28),
('2018-01-12', 0, 'Fri', 28),
('2018-01-13', 0, 'Sat', 28),
('2018-01-14', 1, 'Sun', 28),
('2018-01-15', 0, 'Mon', 28),
('2018-01-16', 0, 'Tue', 28),
('2018-01-17', 0, 'Wed', 28),
('2018-01-18', 0, 'Thu', 28),
('2018-01-19', 0, 'Fri', 28),
('2018-01-20', 0, 'Sat', 28),
('2018-01-21', 1, 'Sun', 28),
('2018-01-22', 0, 'Mon', 28),
('2018-01-23', 0, 'Tue', 28),
('2018-01-24', 0, 'Wed', 28),
('2018-01-25', 0, 'Thu', 28),
('2018-01-26', 1, 'Fri', 28),
('2018-01-27', 0, 'Sat', 28),
('2018-01-28', 1, 'Sun', 28),
('2018-01-29', 0, 'Mon', 28),
('2018-01-30', 0, 'Tue', 28),
('2018-01-31', 0, 'Wed', 28),
('2018-02-01', 0, 'Thu', 28),
('2018-02-02', 0, 'Fri', 28),
('2018-02-03', 0, 'Sat', 28),
('2018-02-04', 1, 'Sun', 28),
('2018-02-05', 0, 'Mon', 28),
('2018-02-06', 0, 'Tue', 28),
('2018-02-07', 0, 'Wed', 28),
('2018-02-08', 0, 'Thu', 28),
('2018-02-09', 0, 'Fri', 28),
('2018-02-10', 0, 'Sat', 28),
('2018-02-11', 1, 'Sun', 28),
('2018-02-12', 0, 'Mon', 28),
('2018-02-13', 0, 'Tue', 28),
('2018-02-14', 0, 'Wed', 28),
('2018-02-15', 0, 'Thu', 28),
('2018-02-16', 0, 'Fri', 28),
('2018-02-17', 0, 'Sat', 28),
('2018-02-18', 1, 'Sun', 28),
('2018-02-19', 0, 'Mon', 28),
('2018-02-20', 0, 'Tue', 28),
('2018-02-21', 0, 'Wed', 28),
('2018-02-22', 0, 'Thu', 28),
('2018-02-23', 0, 'Fri', 28),
('2018-02-24', 0, 'Sat', 28),
('2018-02-25', 1, 'Sun', 28),
('2018-02-26', 0, 'Mon', 28),
('2018-02-27', 0, 'Tue', 28),
('2018-02-28', 0, 'Wed', 28),
('2018-03-01', 0, 'Thu', 28),
('2018-03-02', 0, 'Fri', 28),
('2018-03-03', 0, 'Sat', 28),
('2018-03-04', 1, 'Sun', 28),
('2018-03-05', 0, 'Mon', 28),
('2018-03-06', 0, 'Tue', 28),
('2018-03-07', 0, 'Wed', 28),
('2018-03-08', 0, 'Thu', 28),
('2018-03-09', 0, 'Fri', 28),
('2018-03-10', 0, 'Sat', 28),
('2018-03-11', 1, 'Sun', 28),
('2018-03-12', 0, 'Mon', 28),
('2018-03-13', 0, 'Tue', 28),
('2018-03-14', 0, 'Wed', 28),
('2018-03-15', 0, 'Thu', 28),
('2018-03-16', 0, 'Fri', 28),
('2018-03-17', 0, 'Sat', 28),
('2018-03-18', 1, 'Sun', 28),
('2018-03-19', 0, 'Mon', 28),
('2018-03-20', 0, 'Tue', 28),
('2018-03-21', 0, 'Wed', 28),
('2018-03-22', 0, 'Thu', 28),
('2018-03-23', 0, 'Fri', 28),
('2018-03-24', 0, 'Sat', 28),
('2018-03-25', 1, 'Sun', 28),
('2018-03-26', 0, 'Mon', 28),
('2018-03-27', 0, 'Tue', 28),
('2018-03-28', 0, 'Wed', 28),
('2018-03-29', 0, 'Thu', 28),
('2018-03-30', 0, 'Fri', 28),
('2018-03-31', 0, 'Sat', 28),
('2018-04-01', 1, 'Sun', 28),
('2018-04-02', 0, 'Mon', 28),
('2018-04-03', 0, 'Tue', 28),
('2018-04-04', 0, 'Wed', 28),
('2018-04-05', 0, 'Thu', 28),
('2018-04-06', 0, 'Fri', 28),
('2018-04-07', 0, 'Sat', 28),
('2018-04-08', 1, 'Sun', 28),
('2018-04-09', 0, 'Mon', 28),
('2018-04-10', 0, 'Tue', 28),
('2018-04-11', 0, 'Wed', 28),
('2018-04-12', 0, 'Thu', 28),
('2018-04-13', 0, 'Fri', 28),
('2018-04-14', 0, 'Sat', 28),
('2018-04-15', 1, 'Sun', 28),
('2018-04-16', 0, 'Mon', 28),
('2018-04-17', 0, 'Tue', 28),
('2018-04-18', 0, 'Wed', 28),
('2018-04-19', 0, 'Thu', 28),
('2018-04-20', 0, 'Fri', 28),
('2018-04-21', 0, 'Sat', 28),
('2018-04-22', 1, 'Sun', 28),
('2018-04-23', 0, 'Mon', 28),
('2018-04-24', 0, 'Tue', 28),
('2018-04-25', 0, 'Wed', 28),
('2018-04-26', 0, 'Thu', 28),
('2018-04-27', 0, 'Fri', 28),
('2018-04-28', 0, 'Sat', 28),
('2018-04-29', 1, 'Sun', 28),
('2018-04-30', 0, 'Mon', 28),
('2018-05-01', 0, 'Tue', 28),
('2018-05-02', 0, 'Wed', 28),
('2018-05-03', 0, 'Thu', 28),
('2018-05-04', 0, 'Fri', 28),
('2018-05-05', 0, 'Sat', 28),
('2018-05-06', 1, 'Sun', 28),
('2018-05-07', 0, 'Mon', 28),
('2018-05-08', 0, 'Tue', 28),
('2018-05-09', 0, 'Wed', 28),
('2018-05-10', 0, 'Thu', 28),
('2018-05-11', 0, 'Fri', 28),
('2018-05-12', 0, 'Sat', 28),
('2018-05-13', 1, 'Sun', 28),
('2018-05-14', 0, 'Mon', 28),
('2018-05-15', 0, 'Tue', 28),
('2018-05-16', 0, 'Wed', 28),
('2018-05-17', 0, 'Thu', 28),
('2018-05-18', 0, 'Fri', 28),
('2018-05-19', 0, 'Sat', 28),
('2018-05-20', 1, 'Sun', 28),
('2018-05-21', 0, 'Mon', 28),
('2018-05-22', 0, 'Tue', 28),
('2018-05-23', 0, 'Wed', 28),
('2018-05-24', 0, 'Thu', 28),
('2018-05-25', 0, 'Fri', 28),
('2018-05-26', 0, 'Sat', 28),
('2018-05-27', 1, 'Sun', 28),
('2018-05-28', 0, 'Mon', 28),
('2018-05-29', 0, 'Tue', 28),
('2018-05-30', 0, 'Wed', 28),
('2018-05-31', 0, 'Thu', 28),
('2018-06-01', 0, 'Fri', 28),
('2018-06-02', 0, 'Sat', 28),
('2018-06-03', 1, 'Sun', 28),
('2018-06-04', 0, 'Mon', 28),
('2018-06-05', 0, 'Tue', 28),
('2018-06-06', 0, 'Wed', 28),
('2018-06-07', 0, 'Thu', 28),
('2018-06-08', 0, 'Fri', 28),
('2018-06-09', 0, 'Sat', 28),
('2018-06-10', 1, 'Sun', 28),
('2018-06-11', 0, 'Mon', 28),
('2018-06-12', 0, 'Tue', 28),
('2018-06-13', 0, 'Wed', 28),
('2018-06-14', 0, 'Thu', 28),
('2018-06-15', 0, 'Fri', 28),
('2018-06-16', 0, 'Sat', 28),
('2018-06-17', 1, 'Sun', 28),
('2018-06-18', 0, 'Mon', 28),
('2018-06-19', 0, 'Tue', 28),
('2018-06-20', 0, 'Wed', 28),
('2018-06-21', 0, 'Thu', 28),
('2018-06-22', 0, 'Fri', 28),
('2018-06-23', 0, 'Sat', 28),
('2018-06-24', 1, 'Sun', 28),
('2018-06-25', 0, 'Mon', 28),
('2018-06-26', 0, 'Tue', 28),
('2018-06-27', 0, 'Wed', 28),
('2018-06-28', 0, 'Thu', 28),
('2018-06-29', 0, 'Fri', 28),
('2018-06-30', 0, 'Sat', 28),
('2018-07-01', 1, 'Sun', 28),
('2018-07-02', 0, 'Mon', 28),
('2018-07-03', 0, 'Tue', 28),
('2018-07-04', 0, 'Wed', 28),
('2018-07-05', 0, 'Thu', 28),
('2018-07-06', 0, 'Fri', 28),
('2018-07-07', 0, 'Sat', 28),
('2018-07-08', 1, 'Sun', 28),
('2018-07-09', 0, 'Mon', 28),
('2018-07-10', 0, 'Tue', 28),
('2018-07-11', 0, 'Wed', 28),
('2018-07-12', 0, 'Thu', 28),
('2018-07-13', 0, 'Fri', 28),
('2018-07-14', 0, 'Sat', 28),
('2018-07-15', 1, 'Sun', 28),
('2018-07-16', 0, 'Mon', 28),
('2018-07-17', 0, 'Tue', 28),
('2018-07-18', 0, 'Wed', 28),
('2018-07-19', 0, 'Thu', 28),
('2018-07-20', 0, 'Fri', 28),
('2018-07-21', 0, 'Sat', 28),
('2018-07-22', 1, 'Sun', 28),
('2018-07-23', 0, 'Mon', 28),
('2018-07-24', 0, 'Tue', 28),
('2018-07-25', 0, 'Wed', 28),
('2018-07-26', 0, 'Thu', 28),
('2018-07-27', 0, 'Fri', 28),
('2018-07-28', 0, 'Sat', 28),
('2018-07-29', 1, 'Sun', 28),
('2018-07-30', 0, 'Mon', 28),
('2018-07-31', 0, 'Tue', 28),
('2018-08-01', 0, 'Wed', 28),
('2018-08-02', 0, 'Thu', 28),
('2018-08-03', 0, 'Fri', 28),
('2018-08-04', 0, 'Sat', 28),
('2018-08-05', 1, 'Sun', 28),
('2018-08-06', 0, 'Mon', 28),
('2018-08-07', 0, 'Tue', 28),
('2018-08-08', 0, 'Wed', 28),
('2018-08-09', 0, 'Thu', 28),
('2018-08-10', 0, 'Fri', 28),
('2018-08-11', 0, 'Sat', 28),
('2018-08-12', 1, 'Sun', 28),
('2018-08-13', 0, 'Mon', 28),
('2018-08-14', 0, 'Tue', 28),
('2018-08-15', 1, 'Wed', 28),
('2018-08-16', 0, 'Thu', 28),
('2018-08-17', 0, 'Fri', 28),
('2018-08-18', 0, 'Sat', 28),
('2018-08-19', 1, 'Sun', 28),
('2018-08-20', 0, 'Mon', 28),
('2018-08-21', 0, 'Tue', 28),
('2018-08-22', 0, 'Wed', 28),
('2018-08-23', 0, 'Thu', 28),
('2018-08-24', 0, 'Fri', 28),
('2018-08-25', 0, 'Sat', 28),
('2018-08-26', 1, 'Sun', 28),
('2018-08-27', 0, 'Mon', 28),
('2018-08-28', 0, 'Tue', 28),
('2018-08-29', 0, 'Wed', 28),
('2018-08-30', 0, 'Thu', 28),
('2018-08-31', 0, 'Fri', 28),
('2018-09-01', 0, 'Sat', 28),
('2018-09-02', 1, 'Sun', 28),
('2018-09-03', 0, 'Mon', 28),
('2018-09-04', 0, 'Tue', 28),
('2018-09-05', 0, 'Wed', 28),
('2018-09-06', 0, 'Thu', 28),
('2018-09-07', 0, 'Fri', 28),
('2018-09-08', 0, 'Sat', 28),
('2018-09-09', 1, 'Sun', 28),
('2018-09-10', 0, 'Mon', 28),
('2018-09-11', 0, 'Tue', 28),
('2018-09-12', 0, 'Wed', 28),
('2018-09-13', 0, 'Thu', 28),
('2018-09-14', 0, 'Fri', 28),
('2018-09-15', 0, 'Sat', 28),
('2018-09-16', 1, 'Sun', 28),
('2018-09-17', 0, 'Mon', 28),
('2018-09-18', 0, 'Tue', 28),
('2018-09-19', 0, 'Wed', 28),
('2018-09-20', 0, 'Thu', 28),
('2018-09-21', 0, 'Fri', 28),
('2018-09-22', 0, 'Sat', 28),
('2018-09-23', 1, 'Sun', 28),
('2018-09-24', 0, 'Mon', 28),
('2018-09-25', 0, 'Tue', 28),
('2018-09-26', 0, 'Wed', 28),
('2018-09-27', 1, 'Thu', 28),
('2018-09-28', 0, 'Fri', 28),
('2018-09-29', 0, 'Sat', 28),
('2018-09-30', 1, 'Sun', 28),
('2018-10-01', 0, 'Mon', 28),
('2018-10-02', 1, 'Tue', 28),
('2018-10-03', 0, 'Wed', 28),
('2018-10-04', 0, 'Thu', 28),
('2018-10-05', 0, 'Fri', 28),
('2018-10-06', 0, 'Sat', 28),
('2018-10-07', 1, 'Sun', 28),
('2018-10-08', 0, 'Mon', 28),
('2018-10-09', 0, 'Tue', 28),
('2018-10-10', 0, 'Wed', 28),
('2018-10-11', 0, 'Thu', 28),
('2018-10-12', 0, 'Fri', 28),
('2018-10-13', 0, 'Sat', 28),
('2018-10-14', 1, 'Sun', 28),
('2018-10-15', 0, 'Mon', 28),
('2018-10-16', 0, 'Tue', 28),
('2018-10-17', 0, 'Wed', 28),
('2018-10-18', 0, 'Thu', 28),
('2018-10-19', 0, 'Fri', 28),
('2018-10-20', 0, 'Sat', 28),
('2018-10-21', 1, 'Sun', 28),
('2018-10-22', 0, 'Mon', 28),
('2018-10-23', 0, 'Tue', 28),
('2018-10-24', 0, 'Wed', 28),
('2018-10-25', 0, 'Thu', 28),
('2018-10-26', 0, 'Fri', 28),
('2018-10-27', 0, 'Sat', 28),
('2018-10-28', 1, 'Sun', 28),
('2018-10-29', 0, 'Mon', 28),
('2018-10-30', 0, 'Tue', 28),
('2018-10-31', 0, 'Wed', 28),
('2018-11-01', 0, 'Thu', 28),
('2018-11-02', 0, 'Fri', 28),
('2018-11-03', 0, 'Sat', 28),
('2018-11-04', 1, 'Sun', 28),
('2018-11-05', 0, 'Mon', 28),
('2018-11-06', 0, 'Tue', 28),
('2018-11-07', 0, 'Wed', 28),
('2018-11-08', 0, 'Thu', 28),
('2018-11-09', 0, 'Fri', 28),
('2018-11-10', 0, 'Sat', 28),
('2018-11-11', 1, 'Sun', 28),
('2018-11-12', 0, 'Mon', 28),
('2018-11-13', 0, 'Tue', 28),
('2018-11-14', 0, 'Wed', 28),
('2018-11-15', 0, 'Thu', 28),
('2018-11-16', 0, 'Fri', 28),
('2018-11-17', 0, 'Sat', 28),
('2018-11-18', 1, 'Sun', 28),
('2018-11-19', 0, 'Mon', 28),
('2018-11-20', 0, 'Tue', 28),
('2018-11-21', 0, 'Wed', 28),
('2018-11-22', 0, 'Thu', 28),
('2018-11-23', 0, 'Fri', 28),
('2018-11-24', 0, 'Sat', 28),
('2018-11-25', 1, 'Sun', 28),
('2018-11-26', 0, 'Mon', 28),
('2018-11-27', 0, 'Tue', 28),
('2018-11-28', 0, 'Wed', 28),
('2018-11-29', 0, 'Thu', 28),
('2018-11-30', 0, 'Fri', 28),
('2018-12-01', 0, 'Sat', 28),
('2018-12-02', 1, 'Sun', 28),
('2018-12-03', 0, 'Mon', 28),
('2018-12-04', 0, 'Tue', 28),
('2018-12-05', 0, 'Wed', 28),
('2018-12-06', 0, 'Thu', 28),
('2018-12-07', 0, 'Fri', 28),
('2018-12-08', 0, 'Sat', 28),
('2018-12-09', 1, 'Sun', 28),
('2018-12-10', 0, 'Mon', 28),
('2018-12-11', 0, 'Tue', 28),
('2018-12-12', 0, 'Wed', 28),
('2018-12-13', 0, 'Thu', 28),
('2018-12-14', 0, 'Fri', 28),
('2018-12-15', 0, 'Sat', 28),
('2018-12-16', 1, 'Sun', 28),
('2018-12-17', 0, 'Mon', 28),
('2018-12-18', 0, 'Tue', 28),
('2018-12-19', 0, 'Wed', 28),
('2018-12-20', 0, 'Thu', 28),
('2018-12-21', 0, 'Fri', 28),
('2018-12-22', 0, 'Sat', 28),
('2018-12-23', 1, 'Sun', 28),
('2018-12-24', 0, 'Mon', 28),
('2018-12-25', 1, 'Tue', 28),
('2018-12-26', 0, 'Wed', 28),
('2018-12-27', 0, 'Thu', 28),
('2018-12-28', 0, 'Fri', 28),
('2018-12-29', 0, 'Sat', 28),
('2018-12-30', 1, 'Sun', 28),
('2018-12-31', 0, 'Mon', 28);

-- --------------------------------------------------------

--
-- Table structure for table `exams_master`
--

CREATE TABLE `exams_master` (
  `exam_id` int(10) NOT NULL,
  `exam_name` varchar(255) NOT NULL,
  `pass_marks` int(10) NOT NULL,
  `total_marks` int(10) NOT NULL
) ENGINE=InnoDB DEFAULT CHARSET=latin1;

--
-- Dumping data for table `exams_master`
--

INSERT INTO `exams_master` (`exam_id`, `exam_name`, `pass_marks`, `total_marks`) VALUES
(1, 'UNIT-1', 12, 25);

-- --------------------------------------------------------

--
-- Table structure for table `excel_files_urls`
--

CREATE TABLE `excel_files_urls` (
  `id` int(10) NOT NULL,
  `filename` text NOT NULL,
  `type` varchar(255) NOT NULL
) ENGINE=InnoDB DEFAULT CHARSET=latin1;

--
-- Dumping data for table `excel_files_urls`
--

INSERT INTO `excel_files_urls` (`id`, `filename`, `type`) VALUES
(2, '/repository/Eduware/student_marks/9fe40ac2/2dcb/47ed/b506/b6422a5df697/302167748190514041135.xls', 'unit1_first_a'),
(4, '/repository/Eduware/student_marks/2ae800e2/083f/412c/a940/c80114ac694f/1838839059190524031902.xls', 'events_excel_upload'),
(5, '/repository/Eduware/student_marks/4b530e76/21d5/4448/a324/62afa7e13cb7/5060378190526022255.xls', '1_first_1'),
(6, '/repository/Eduware/student_marks/ad566ad5/4835/4d3f/a603/09528e85e5c7/1642004127190514045827.xls', '1_first_3'),
(7, '/repository/Eduware/student_marks/80881cba/9a0e/48df/9e56/872b6f989342/1100998279190521024704.', '1_first_2'),
(8, '/repository/Eduware/student_marks/2dface01/0c9b/4952/b87b/497f0f708096/74752388190515041133.', '__');

-- --------------------------------------------------------

--
-- Table structure for table `faculty`
--

CREATE TABLE `faculty` (
  `ufac_id` int(2) NOT NULL,
  `fac_id` varchar(4) NOT NULL,
  `fac_name` varchar(70) NOT NULL,
  `fac_gen` varchar(10) NOT NULL,
  `c_id` int(2) NOT NULL,
  `email` varchar(100) NOT NULL,
  `contact` bigint(11) NOT NULL,
  `password` varchar(20) NOT NULL,
  `role` int(2) NOT NULL
) ENGINE=InnoDB DEFAULT CHARSET=latin1;

--
-- Dumping data for table `faculty`
--

INSERT INTO `faculty` (`ufac_id`, `fac_id`, `fac_name`, `fac_gen`, `c_id`, `email`, `contact`, `password`, `role`) VALUES
(1, 'CR', 'Chintal raval', 'Male', 0, 'chintalravalCR@gmail.com', 9998886670, 'chintalravalCR', 1),
(2, 'HP', 'Hitesh Parmar', 'Male', 0, 'hiteshparmarHP@gmail.com', 9997886680, 'hiteshparmarHP', 2),
(3, 'PG', 'Pooja Gandhi', 'Female', 0, 'poojagandhiPG@gmail.com', 9998986680, 'poojagandhiPG', 2),
(4, 'PJ', 'Pooja Jain', 'Female', 0, 'poojajainPJ@gmail.com', 9996886680, 'poojajainPJ', 2),
(6, 'JP', 'Dr. Jayraj Pandya', 'Male', 2, 'admin@gmail.com', 9998886680, 'admin', 1),
(7, 'MD', 'Dr. Subhramanyam', 'Male', 1, 'subbu@gmail.com', 9994667803, 'test', 2),
(8, 'IB', 'Dr. Ismail Bootwala', 'Male', 1, 'ismailbootwalaIb@gmail.com', 9898886680, 'ismailbootwalaIb', 2),
(9, 'MU', 'Milan Undavia', 'Male', 1, 'milanundaviaMU@gmail.com', 9998876680, 'milanundaviaMU', 2),
(10, 'PK', 'Pooja Khatri', 'Female', 2, 'poojakhatriPK@gmail.com', 9998786680, 'poojakhatriPK', 2),
(11, 'AP', 'Akanksha Patel', 'Female', 2, 'akanshapatelAP@gmail.com', 9998886680, 'akanshapatelAP', 2),
(12, 'KC', 'Kinjal Choksi', 'Female', 1, 'kinjalchoksiKC@gmail.com', 9998886680, 'kinjalchoksiKC', 2),
(13, 'UB', 'Uday Bhatt', 'Male', 2, 'udaybhattUB@gmail.com', 6298886680, 'udaybhattUB', 2),
(14, 'AYB', 'Amrita Y. Bardiya', 'Female', 1, 'amritaybardiyaAYB@gmail.com', 9998886680, 'amritaybardiyaAYB', 2),
(15, 'RR', 'Dr. R. Radha', 'Female', 2, 'rradhaRR@gmail.com', 9967886680, 'rradhaRR', 1),
(16, 'AG', 'Dr. Anjali Gokhru', 'Female', 1, 'anjaligokhruAG@gmail.com', 9998886680, 'anjaligokhruAG', 2),
(17, 'IJ', 'Ingita Jain', 'Male', 1, 'ingitajainIJ@gmail.com', 9998886680, 'ingitajainIJ', 2),
(18, 'RG', 'Dr. Rachna Gandhi', 'Female', 1, 'rachnagandhiRG@gmail.com', 9998886680, 'rachnagandhiRG', 2),
(19, 'SF', 'Suman Fulwani', 'Male', 1, 'sumanfulwaniSF@gmail.com', 9998886680, 'sumanfulwaniSF', 2),
(20, 'VS', 'Vishva Shah', 'Male', 1, 'vishvashahVS@gmail.com', 9998886680, 'vishvashahVS', 2),
(21, 'VN', 'Vishali Nindroda', 'Female', 2, 'vaishalinindrodaVN@gmail.com', 9998886680, 'vaishalinindrodaVN', 2),
(22, 'AA', 'Anita Ahuja', 'Female', 1, 'anitaahujaAA@gmail.com', 9998886680, 'anitaahujaAA', 2),
(23, 'PM', 'Priyanka Mehta', 'Female', 1, 'priyankamehtaPM@gmail.com', 978886680, 'priyankamehtaPM', 2),
(24, 'SA', 'DR. Shamina Ansari', 'Female', 1, 'shaminaansariSA@gmail.com', 9998886680, 'shaminaansariSA', 2),
(25, 'RS', 'Richa Seth', 'Female', 1, 'richasethRS@gmail.com', 8798886680, 'richasethRS', 2),
(26, 'HP', 'Dr. Hiral Parikh', 'Male', 1, 'hiralparikhHP@gmail.com', 90675432, 'hiralparikhHP', 2),
(27, 'AMG', 'Akanxa M. Galande', '', 1, 'akanxamhgalandeAMG@gmail.com', 0, 'akanxamhgalandeAMG', 2),
(28, 'IS', 'Ishita Sakariya', '', 1, 'ishitasakariyaIS@gmail.com', 0, 'ishitasakariyaIS', 2),
(29, 'AV', 'Ankita Vaidya', '', 1, 'ankitavaidyaAV@gmail.com', 0, 'ankitavaidyaAV', 2),
(30, 'AB', 'Asha Brahmkshatriya', '', 2, 'ashabrahmkshatriyaAB@gmail.com', 0, 'ashabrahmkshatriyaAB', 2),
(31, 'NC', 'Nirul Chaudhary', '', 1, 'nirulchaudharyNC@gmail.com', 0, 'nirulchaudharyNC', 2),
(32, 'NG', 'Dr. Neelkamal Gogna', '', 1, 'neelkamalgognaNG@gmail.com', 0, 'neelkamalgognaNG', 2),
(33, 'KP', 'Kalyani Patel', '', 0, 'kalyanipatelKP@gmail.com', 0, 'kalyanipatelKP', 2),
(34, 'NG', 'Nandita Goswami', '', 2, 'nanditagoswamiNG@gmail.com', 0, 'nanditagoswamiNG', 2),
(35, 'SC', 'Sonali Chakraborty', '', 0, 'sonalichokrabortySC@gmail.com', 0, 'sonalichokrabortySC', 2),
(36, 'SS', 'Shailee Shah', '', 0, 'shaileeshahSS@gmail.com', 0, 'shaileeshahSS', 2),
(37, 'PD', 'Palak Dabhi', '', 0, 'palakdabhiPD@gmail.com', 0, 'palakdabhiPD', 2),
(38, 'VS', 'Vidhi Sutariya', '', 0, 'vidhisutariyaVS@gmail.com', 0, 'vidhisutariyaVS', 2),
(39, 'DB', 'Dipti Bhatt', '', 0, 'diptibhattDB@gmail.com', 0, 'diptibhattDB', 2),
(40, 'PA', 'Priyanka Arorra', '', 0, 'priyankaarorraPA@gmail.com', 0, 'priyankaarorraPA', 2),
(41, 'RS', 'Rujuta shah', '', 0, 'rujutashahRS@gmail.com', 0, 'rujutashahRS', 2),
(42, 'JP', 'Jaimini Patel', '', 0, 'jaiminipatelJP@gmail.com', 0, 'jaiminipatelJP', 2),
(43, 'ND', 'Namita Doshi', '', 0, 'namitadoshiND@gmail.com', 0, 'namitadoshiND', 2),
(44, 'AK', 'Amit Kalyani', '', 0, 'amitkalyaniAK@gmail.com', 0, 'amitkalyaniAK', 2),
(45, 'JR', 'Jigar Raval', '', 0, 'jigarravalJR@gmail.com', 0, 'jigarravalJR', 2),
(46, 'EK', 'Ekta Kikiani', '', 0, 'ektakikianiEK@gmail.com', 0, 'ektakikianiEK', 2),
(47, 'AG', 'Aishwari Goswami', '', 0, 'aishwarigoswamiAG@gmail.com', 0, 'aishwarigoswamiAG', 2),
(49, 'CK', 'CK', '', 1, 'ck@gmail.com', 0, 'ck', 2),
(50, 'jh', 'mn ', '', 1, 'bhb', 0, ',m,m, ', 2),
(51, 'dfv', 'j', '', 1, 'asx', 0, 'jay', 2),
(52, 'gv', 'jhb', '', 1, 'jn', 0, 'jjjjj', 2),
(53, '', '', '', 0, '', 0, '', 0),
(54, '', '', '', 0, '', 0, '', 0),
(55, '', '', '', 0, '', 0, '', 0),
(56, '', '', '', 0, '', 0, '', 0),
(57, '', '', '', 0, '', 0, '', 0),
(58, '', '', '', 0, '', 0, '', 0),
(59, '', '', '', 0, '', 0, '', 0),
(60, '', '', '', 0, '', 0, '', 0),
(61, '', '', '', 0, '', 0, '', 0),
(99, '2', '22', '', 2, 'mahathibandari@gmail.com', 1234567898, 'gtgtrgtrg', 2);

-- --------------------------------------------------------

--
-- Table structure for table `files`
--

CREATE TABLE `files` (
  `id` int(11) NOT NULL,
  `name` varchar(255) NOT NULL,
  `size` int(11) NOT NULL,
  `downloads` int(11) NOT NULL
) ENGINE=InnoDB DEFAULT CHARSET=latin1;

--
-- Dumping data for table `files`
--

INSERT INTO `files` (`id`, `name`, `size`, `downloads`) VALUES
(1, 'UNIT-4 mcqs.docx', 43254, 4),
(2, 'mahathi.pdf', 196218, 4),
(3, 'hahah.docx', 37366, 0),
(6, 'New Microsoft Word Document.docx', 0, 1),
(7, 'mahathi resume.docx', 46399, 1);

-- --------------------------------------------------------

--
-- Table structure for table `marks`
--

CREATE TABLE `marks` (
  `id` int(10) NOT NULL,
  `exam_id` int(10) NOT NULL,
  `class_id` int(10) NOT NULL,
  `stud_id` int(10) NOT NULL,
  `subject_code` varchar(255) NOT NULL,
  `marks` int(10) NOT NULL,
  `date_of_creation` datetime NOT NULL,
  `date_of_modified` datetime NOT NULL
) ENGINE=InnoDB DEFAULT CHARSET=latin1;

--
-- Dumping data for table `marks`
--

INSERT INTO `marks` (`id`, `exam_id`, `class_id`, `stud_id`, `subject_code`, `marks`, `date_of_creation`, `date_of_modified`) VALUES
(6, 1, 2, 2161173, 'TELUGU', 20, '2019-05-14 14:50:06', '2019-05-14 14:50:06'),
(7, 1, 2, 2161173, 'HINDI', 21, '2019-05-14 14:50:06', '2019-05-14 14:50:06'),
(8, 1, 2, 2161173, 'ENGLISH', 22, '2019-05-14 14:50:06', '2019-05-14 14:50:06'),
(9, 1, 2, 2161173, 'MATHS', 23, '2019-05-14 14:50:06', '2019-05-14 14:50:06'),
(10, 1, 2, 2161173, 'SCIENCE', 24, '2019-05-14 14:50:06', '2019-05-14 14:50:06'),
(11, 1, 2, 2161173, 'SOCIAL', 25, '2019-05-14 14:50:06', '2019-05-14 14:50:06'),
(12, 1, 1, 1, '2161173', 0, '2019-05-22 15:35:01', '2019-05-22 15:35:01'),
(13, 1, 1, 1, '2161173', 0, '2019-05-22 15:35:01', '2019-05-22 15:35:01'),
(14, 1, 1, 1, '2161173', 0, '2019-05-22 15:35:01', '2019-05-22 15:35:01'),
(15, 1, 1, 1, '2161173', 0, '2019-05-22 15:35:01', '2019-05-22 15:35:01'),
(16, 1, 1, 1, '2161173', 0, '2019-05-22 15:35:01', '2019-05-22 15:35:01'),
(17, 1, 1, 1, '2161173', 0, '2019-05-22 15:35:01', '2019-05-22 15:35:01'),
(18, 1, 1, 1, '2151267', 0, '2019-05-22 15:35:01', '2019-05-22 15:35:01'),
(19, 1, 1, 1, '2151267', 0, '2019-05-22 15:35:01', '2019-05-22 15:35:01'),
(20, 1, 1, 1, '2151267', 0, '2019-05-22 15:35:01', '2019-05-22 15:35:01'),
(21, 1, 1, 1, '2151267', 0, '2019-05-22 15:35:01', '2019-05-22 15:35:01'),
(22, 1, 1, 1, '2151267', 0, '2019-05-22 15:35:01', '2019-05-22 15:35:01'),
(23, 1, 1, 1, '2151267', 0, '2019-05-22 15:35:01', '2019-05-22 15:35:01'),
(24, 1, 1, 1, '2161173', 0, '2019-05-25 00:49:05', '2019-05-25 00:49:05'),
(25, 1, 1, 1, '2161173', 0, '2019-05-25 00:49:05', '2019-05-25 00:49:05'),
(26, 1, 1, 1, '2161173', 0, '2019-05-25 00:49:05', '2019-05-25 00:49:05'),
(27, 1, 1, 1, '2161173', 0, '2019-05-25 00:49:05', '2019-05-25 00:49:05'),
(28, 1, 1, 1, '2161173', 0, '2019-05-25 00:49:05', '2019-05-25 00:49:05'),
(29, 1, 1, 1, '2161173', 0, '2019-05-25 00:49:05', '2019-05-25 00:49:05'),
(30, 1, 1, 1, '2161173', 0, '2019-05-26 23:52:55', '2019-05-26 23:52:55'),
(31, 1, 1, 1, '2161173', 0, '2019-05-26 23:52:55', '2019-05-26 23:52:55'),
(32, 1, 1, 1, '2161173', 0, '2019-05-26 23:52:55', '2019-05-26 23:52:55'),
(33, 1, 1, 1, '2161173', 0, '2019-05-26 23:52:55', '2019-05-26 23:52:55'),
(34, 1, 1, 1, '2161173', 0, '2019-05-26 23:52:55', '2019-05-26 23:52:55'),
(35, 1, 1, 1, '2161173', 0, '2019-05-26 23:52:55', '2019-05-26 23:52:55');

-- --------------------------------------------------------

--
-- Table structure for table `notifications`
--

CREATE TABLE `notifications` (
  `id` int(11) NOT NULL,
  `from_type` varchar(255) NOT NULL,
  `to_type` varchar(255) NOT NULL,
  `message` longtext NOT NULL,
  `created_on` datetime NOT NULL,
  `status` enum('active','inactive','deleted') NOT NULL,
  `from_status` enum('active','inactive','deleted') NOT NULL,
  `to_status` enum('active','inactive','deleted') NOT NULL,
  `replay_status` enum('notreplied','replied') NOT NULL DEFAULT 'notreplied',
  `replied_message_id` bigint(20) NOT NULL,
  `read_status` enum('Unread','Read') NOT NULL DEFAULT 'Unread'
) ENGINE=MyISAM DEFAULT CHARSET=latin1;

--
-- Dumping data for table `notifications`
--

INSERT INTO `notifications` (`id`, `from_type`, `to_type`, `message`, `created_on`, `status`, `from_status`, `to_status`, `replay_status`, `replied_message_id`, `read_status`) VALUES
(1, 'admin', 'to_staff', 'test', '2019-04-01 17:06:27', 'active', 'active', 'active', 'notreplied', 0, 'Unread'),
(2, 'admin', 'to_student', 'student notifications', '2019-04-01 20:56:55', 'active', 'active', 'active', 'notreplied', 0, 'Unread'),
(3, 'admin', 'to_staff', 'test', '2019-04-03 14:39:30', 'active', 'active', 'active', 'notreplied', 0, 'Unread'),
(4, 'admin', 'to_staff', 'bfcxbx', '2019-04-08 16:32:32', 'active', 'active', 'active', 'notreplied', 0, 'Unread'),
(5, 'admin', 'to_staff', 'Good evening staff', '2019-04-08 16:53:51', 'active', 'active', 'active', 'notreplied', 0, 'Unread'),
(6, 'admin', 'to_staff', 'Good evening staff', '2019-04-08 17:00:28', 'active', 'active', 'active', 'notreplied', 0, 'Unread'),
(7, 'admin', 'to_staff', 'dfsdfsd', '2019-04-08 19:10:26', 'active', 'active', 'active', 'notreplied', 0, 'Unread'),
(8, '', 'to_staff', 'dfsdfsd', '2019-04-08 19:12:03', 'active', 'active', 'active', 'notreplied', 0, 'Unread'),
(9, 'admin', 'to_staff', 'dfsdfsd', '2019-04-08 19:12:33', 'active', 'active', 'active', 'notreplied', 0, 'Unread'),
(10, 'admin', 'to_staff', 'fsdfsfdfs', '2019-04-08 19:12:43', 'active', 'active', 'active', 'notreplied', 0, 'Unread'),
(11, 'admin', 'to_parent', 'hello', '2019-04-09 14:51:10', 'active', 'active', 'active', 'notreplied', 0, 'Unread'),
(12, 'admin', 'to_parent', 'hi', '2019-04-09 15:02:12', 'active', 'active', 'active', 'notreplied', 0, 'Unread'),
(13, 'admin', 'to_student', 'hgjn', '2019-04-09 18:24:51', 'active', 'active', 'active', 'notreplied', 0, 'Unread'),
(14, 'admin', 'to_student', 'fshyudhfrrrrrrio gdsojhpbvjl,mnbvccx cvbnmnb\r\nfvddvfxvcgh\r\nfdgdfbbfbddb\r\ndfbbnbdegthb\r\n', '2019-04-23 14:26:36', 'active', 'active', 'active', 'notreplied', 0, 'Unread'),
(19, 'student', 'to_student', 'tomorrow english unit test', '2019-05-02 11:54:17', 'active', 'active', 'active', 'notreplied', 0, 'Unread'),
(20, 'staff', 'to_student', 'tomorrow attendance is mandatory.', '2019-05-02 11:55:49', 'active', 'active', 'active', 'notreplied', 0, 'Unread'),
(21, 'admin', 'to_parent', 'parent -Teacher Meeting on 7th May', '2019-05-02 13:53:21', 'active', 'active', 'active', 'notreplied', 0, 'Unread'),
(22, 'staff', 'to_student', 'tomorrow Science class will be for 2 hours', '2019-05-02 13:58:11', 'active', 'active', 'active', 'notreplied', 0, 'Unread'),
(23, 'admin', 'to_staff', 'Good evening Staff', '2019-05-03 18:09:14', 'active', 'active', 'active', 'notreplied', 0, 'Unread'),
(24, 'admin', 'to_staff', 'hello', '2019-05-21 15:00:38', 'active', 'active', 'active', 'notreplied', 0, 'Unread'),
(25, 'admin', 'to_student', 'hello student', '2019-05-21 15:59:17', 'active', 'active', 'active', 'notreplied', 0, 'Unread'),
(26, 'admin', 'to_student', 'hello students', '2019-05-23 13:40:04', 'active', 'active', 'active', 'notreplied', 0, 'Unread'),
(27, 'admin', 'to_staff', 'helloo', '2019-05-24 17:52:11', 'active', 'active', 'active', 'notreplied', 0, 'Unread'),
(28, 'admin', 'to_staff', 'helloo', '2019-05-24 17:55:18', 'active', 'active', 'active', 'notreplied', 0, 'Unread'),
(29, 'admin', 'to_student', 'hello Students', '2019-05-24 17:55:31', 'active', 'active', 'active', 'notreplied', 0, 'Unread'),
(30, 'staff', '', 'Hello', '2019-05-26 18:30:02', 'active', 'active', 'active', 'notreplied', 0, 'Unread'),
(17, 'admin', 'to_student', '(i) Banking Law and Practice\r\n(ii) Capital, Commodity and Money Market\r\n(iii) Insurance Law and Practice\r\n(iv) Intellectual Property Rights- Law and Practice\r\n(v) International Business Laws and Practices\r\nComputer Based Examination for Foundation Programme\r\nFoundation Programme Examination\r\nFrequently Asked Questions on Computer Based Examination\r\nICSI Foundation Programme: Practise Test Link', '2019-04-23 14:31:01', 'active', 'active', 'active', 'notreplied', 0, 'Unread'),
(18, 'staff', 'to_student', 'tomorrow english unit test', '2019-05-02 11:48:46', 'active', 'active', 'active', 'notreplied', 0, 'Unread'),
(31, 'staff', '', 'hello', '2019-05-26 18:31:20', 'active', 'active', 'active', 'notreplied', 0, 'Unread'),
(32, 'admin', 'to_parent', 'Good evening', '2019-05-26 23:47:47', 'active', 'active', 'active', 'notreplied', 0, 'Unread');

-- --------------------------------------------------------

--
-- Table structure for table `queries`
--

CREATE TABLE `queries` (
  `query_id` int(10) NOT NULL,
  `from_type` varchar(25) NOT NULL,
  `to_type` varchar(25) NOT NULL,
  `student_id` int(7) DEFAULT NULL,
  `query_message` text NOT NULL,
  `created_on` datetime NOT NULL,
  `respond_from` varchar(25) DEFAULT NULL,
  `respond_to` varchar(25) DEFAULT NULL,
  `respond_message` text,
  `responded_on` datetime DEFAULT NULL
) ENGINE=InnoDB DEFAULT CHARSET=latin1;

--
-- Dumping data for table `queries`
--

INSERT INTO `queries` (`query_id`, `from_type`, `to_type`, `student_id`, `query_message`, `created_on`, `respond_from`, `respond_to`, `respond_message`, `responded_on`) VALUES
(1, 'parent', 'to_admin', NULL, 'bcgfgvbnbn', '2019-05-03 13:06:10', NULL, NULL, NULL, NULL),
(2, 'parent', 'to_admin', NULL, 'bcgfgvbnbn', '2019-05-03 13:06:51', NULL, NULL, NULL, NULL),
(3, 'parent', 'to_admin', NULL, 'test', '2019-05-03 13:07:02', 'admin', 'parent', 'test', '2019-05-26 23:48:29'),
(4, 'admin', 'parent', 95, 'ngjjljhb', '2019-05-03 13:24:17', NULL, NULL, 'test', NULL),
(5, 'parent', 'to_admin', 95, 'Is tomorrow is a holiday??', '2019-05-21 16:06:44', 'admin', 'parent', 'YES', NULL),
(21, 'parent', 'to_admin', 95, 'Is there Maths exam tomorrow?', '2019-05-26 14:11:03', 'admin', 'parent', 'NO', '2019-05-26 14:43:01'),
(22, 'parent', 'to_admin', 95, 'Hello', '2019-05-26 14:55:11', NULL, NULL, NULL, NULL),
(23, 'parent', 'to_admin', 95, 'hi', '2019-05-26 23:58:09', NULL, NULL, NULL, NULL);

-- --------------------------------------------------------

--
-- Table structure for table `schedule_msc_sem1_diva`
--

CREATE TABLE `schedule_msc_sem1_diva` (
  `day` varchar(5) NOT NULL,
  `12:15 to 1:10` varchar(50) NOT NULL,
  `1:10 to 2:05` varchar(50) NOT NULL,
  `2:20 to 3:15` varchar(50) NOT NULL
) ENGINE=InnoDB DEFAULT CHARSET=latin1;

--
-- Dumping data for table `schedule_msc_sem1_diva`
--

INSERT INTO `schedule_msc_sem1_diva` (`day`, `12:15 to 1:10`, `1:10 to 2:05`, `2:20 to 3:15`) VALUES
('Fri', 'FM', 'FCO', 'SQL'),
('Mon', 'FCO', 'FM', 'FOP'),
('Thr', 'SQL', 'FCO', 'FM'),
('Tue', 'FM', 'FOP', 'SQL'),
('Wed', 'FOP', 'SQL', 'FCO');

-- --------------------------------------------------------

--
-- Table structure for table `sem_year`
--

CREATE TABLE `sem_year` (
  `sem_no` int(2) NOT NULL,
  `year` varchar(6) NOT NULL
) ENGINE=InnoDB DEFAULT CHARSET=latin1;

--
-- Dumping data for table `sem_year`
--

INSERT INTO `sem_year` (`sem_no`, `year`) VALUES
(1, 'A'),
(2, 'A'),
(3, 'B'),
(4, 'B'),
(5, 'C'),
(6, 'C'),
(7, 'D'),
(8, 'D'),
(9, 'E'),
(10, 'E');

-- --------------------------------------------------------

--
-- Table structure for table `student`
--

CREATE TABLE `student` (
  `s_enrl` int(11) NOT NULL,
  `s_rn` int(7) NOT NULL,
  `student_password` varchar(255) DEFAULT NULL,
  `parent_password` varchar(255) DEFAULT NULL,
  `fnm` varchar(50) NOT NULL,
  `lnm` char(50) NOT NULL,
  `s_gen` varchar(10) NOT NULL,
  `email` varchar(100) NOT NULL,
  `contact` bigint(10) NOT NULL,
  `c_id` int(2) NOT NULL,
  `sem` int(2) NOT NULL,
  `division` varchar(10) NOT NULL,
  `usub_id` int(4) DEFAULT NULL
) ENGINE=InnoDB DEFAULT CHARSET=latin1;

--
-- Dumping data for table `student`
--

INSERT INTO `student` (`s_enrl`, `s_rn`, `student_password`, `parent_password`, `fnm`, `lnm`, `s_gen`, `email`, `contact`, `c_id`, `sem`, `division`, `usub_id`) VALUES
(2, 2161173, '2161173', '2161173p', 'BHARVAD VIKRAM NATHUBHAI', '', 'MALE', '', 9100543254, 0, 2, 'a', NULL),
(3, 2161175, NULL, NULL, 'BHAVSAR RAJESH', '', 'FEMALE', '', 8978965045, 0, 2, 'a', NULL),
(4, 2161176, NULL, NULL, 'BRAHMBHATT VISHAL RAMCHANDRA', '', '0', '', 0, 0, 2, 'a', NULL),
(5, 2161177, NULL, NULL, 'CHAUDHARY PRIYANKA RAHULKUMAR', '', 'FEMALE', '', 8978965043, 0, 2, 'a', NULL),
(6, 2161178, NULL, NULL, 'CHAVDA JAYRAJSINH VIJAYSINH', '', 'MALE', '', 8978965048, 0, 2, 'a', NULL),
(7, 2161179, NULL, NULL, 'CHAWDA YUVRAJ KIRIT KUMAR', '', 'MALE', '', 8978965045, 0, 2, 'a', NULL),
(8, 2161180, NULL, NULL, 'CHUNARA KINJAL MANISH KUMAR', '', 'FEMALE', '', 8978965041, 0, 2, 'a', NULL),
(9, 2161181, NULL, NULL, 'DALWADI PRIYANSHI VINAYKUMAR', '', 'FEMALE', '', 8978965042, 0, 2, 'a', NULL),
(10, 2161182, NULL, NULL, 'DARJI SHIVANI LALJIBHAI', '', 'FEMALE', '', 8978965043, 0, 2, 'a', NULL),
(11, 2161183, NULL, NULL, 'DHANDHUKIYA NIDHI ALPESHKUMAR', '', 'FEMALE', '', 8978965046, 0, 2, 'a', NULL),
(12, 2161184, NULL, NULL, 'DUDHIA JUHI NIKUNJKUMAR', '', 'FEMALE', '', 8978965046, 0, 2, 'a', NULL),
(13, 2161185, NULL, NULL, 'GAJJAR PRIYANKA', '', 'FEMALE', '', 8978965043, 0, 2, 'a', NULL),
(14, 2161186, NULL, NULL, 'GOHIL HARDIK SHAMJIBHAI', '', 'MALE', '', 9875743234, 0, 0, 'a', NULL),
(15, 2161187, NULL, NULL, 'GORANIA KARAN RAMDEVBHAI', '', 'MALE', '', 8978965064, 0, 2, 'a', NULL),
(17, 2161174, '2161174', '2161173p', 'JAYSWAL BHAVIKA PRAKASH KUMAR', '', 'MALE', '', 9876501237, 0, 0, 'a', NULL),
(18, 2161190, NULL, NULL, 'JOGANI RIMABAHEN RAJENDRAKUMAR', '', 'FEMALE', '', 8978965042, 0, 2, 'a', NULL),
(19, 2161191, NULL, NULL, 'JOSHI SACHIN KUMARBHAI', '', 'MALE', '', 8978965046, 0, 2, 'a', NULL),
(20, 2161192, NULL, NULL, 'KARLIKER YUG SHAILESH', '', 'MALE', '', 8978965047, 0, 2, 'a', NULL),
(21, 2161193, NULL, NULL, 'KUTANA PAYALBEN SAVJIBHAI', '', 'FEMALE', '', 8978965049, 0, 2, 'a', NULL),
(22, 2161194, NULL, NULL, 'MACWAN ARPITA ALBERT', '', 'FEMALE', '', 8978965041, 0, 2, 'a', NULL),
(23, 2161195, NULL, NULL, 'MAKWANA PRAKASHKUMAR DHANJIBHAI', '', 'MALE', '', 8978965048, 0, 2, 'a', NULL),
(24, 2161196, NULL, NULL, 'MARU SHUBHAM RASHIKBHAI', '', 'MALE', '', 8978965043, 0, 2, 'a', NULL),
(25, 2161197, NULL, NULL, 'MEMON TASLIMBANU IQBALBHAI', '', 'FEMALE', '', 8978965040, 0, 2, 'a', NULL),
(26, 2161198, NULL, NULL, 'MISTRY BRIJESH MANSUKHBHAI', '', '0', '', 0, 0, 2, 'a', NULL),
(27, 2161199, NULL, NULL, 'MODI BINAL PRAKASHBHAI', '', '0', '', 0, 0, 2, 'a', NULL),
(28, 2161200, NULL, NULL, 'NAGAR REMILA PARASMAL', '', '1', '', 0, 0, 2, 'a', NULL),
(29, 2161201, NULL, NULL, 'NAYAK JAY KANDARPKUMAR', '', '0', '', 0, 0, 2, 'a', NULL),
(30, 2161202, NULL, NULL, 'PADIA DARSHIL PRASHANTBHAI', '', '0', '', 0, 0, 2, 'a', NULL),
(31, 2161203, NULL, NULL, 'PANCHAL ANJALIBEN MAHENDRAKUMAR', '', '1', '', 0, 0, 2, 'a', NULL),
(32, 2161204, NULL, NULL, 'PANCHAL KANISHKA JAYESHBHAI', '', '1', '', 0, 0, 2, 'a', NULL),
(33, 2161205, NULL, NULL, 'PANCHAL SHRUTI HEMENDRAKUMAR', '', 'FEMALE', '', 6543279123, 0, 2, 'a', NULL),
(34, 2161206, NULL, NULL, 'PANCHAL VISMAY MAYANKKUMAR', '', '0', '', 0, 0, 2, 'a', NULL),
(35, 2161207, NULL, NULL, 'PAREKH JAIMINI PREMALKUMAR', '', '1', '', 0, 0, 2, 'a', NULL),
(36, 2161208, NULL, NULL, 'PARMAR AYUSHI MANHARBHAI', '', '1', '', 0, 0, 2, 'a', NULL),
(37, 2161209, NULL, NULL, 'PARMAR RAJAT MANOJBHAI', '', '0', '', 0, 0, 2, 'a', NULL),
(38, 2161210, NULL, NULL, 'PATADIYA BIJAL NARENDRABHAI', '', '1', '', 0, 0, 2, 'a', NULL),
(39, 2161211, NULL, NULL, 'PATEL AYUSHI PIYUSHKUMAR', '', '1', '', 0, 0, 2, 'a', NULL),
(40, 2161212, NULL, NULL, 'PATEL HENIL DIPAKKUMAR', '', '0', '', 0, 0, 2, 'a', NULL),
(41, 2161213, NULL, NULL, 'PATEL MARGIBEN DILIPBHAI', '', '1', '', 0, 0, 2, 'a', NULL),
(42, 2161214, NULL, NULL, 'PATEL NEELKUMAR ASHOKBHAI', '', '0', '', 0, 0, 2, 'a', NULL),
(43, 2161215, NULL, NULL, 'PATEL PINKY ASHOKKUMAR', '', '1', '', 0, 0, 2, 'a', NULL),
(44, 2161216, NULL, NULL, 'PATEL RAJ KALPESHBHAI', '', '0', '', 0, 0, 2, 'a', NULL),
(45, 2161217, NULL, NULL, 'PATEL SHREY ASHWINKUMAR', '', '0', '', 0, 0, 2, 'a', NULL),
(46, 2161218, NULL, NULL, 'PATEL SHRUTI SHAILESHBHAI', '', '1', '', 0, 0, 2, 'a', NULL),
(47, 2161219, NULL, NULL, 'PATEL ZINALBEN MAHENDRAKUMAR', '', '1', '', 0, 0, 2, 'a', NULL),
(48, 2161220, NULL, NULL, 'PRAJAPATI AMISHA RAJUBHAI', '', '1', '', 0, 0, 2, 'a', NULL),
(49, 2161221, NULL, NULL, 'PRAJAPATI DARSHANKUMAR BALDEVBHAI', '', '1', '', 0, 0, 2, 'a', NULL),
(50, 2161222, NULL, NULL, 'PRAJAPATI JAY AMBALAL', '', '0', '', 0, 0, 2, 'a', NULL),
(51, 2161223, NULL, NULL, 'PRAJAPATI PRITI VITTHALBHAI', '', '1', '', 0, 0, 2, 'a', NULL),
(52, 2161224, NULL, NULL, 'PRAJAPATI SHIVANGI PARESHBHAI', '', '1', '', 0, 0, 2, 'a', NULL),
(53, 2161225, NULL, NULL, 'PUJARA ROSHNI HARISHBHAI', '', '1', '', 0, 0, 2, 'a', NULL),
(54, 2161226, NULL, NULL, 'RANGWALA FATEMA MUSTAQBHAI', '', '1', '', 0, 0, 2, 'a', NULL),
(55, 2161227, NULL, NULL, 'RATHOD SRUSHTI DINESHBHAI', '', '1', '', 0, 0, 2, 'a', NULL),
(56, 2161228, NULL, NULL, 'RINGWALA JANKI YOGESHBHAI', '', '1', '', 0, 0, 2, 'a', NULL),
(57, 2161229, NULL, NULL, 'SANGHAVI PRACHI YOGESHBHAI', '', '1', '', 0, 0, 2, 'a', NULL),
(58, 2161230, NULL, NULL, 'SARVAIYA URVASHEE DIPAKBHAI', '', '1', '', 0, 0, 2, 'a', NULL),
(59, 2161231, NULL, NULL, 'SHAH AKSHAT PARESHBHAI', '', '0', '', 0, 0, 2, 'a', NULL),
(60, 2161232, NULL, NULL, 'SHAH GREHA NILESH', '', '1', '', 0, 0, 2, 'a', NULL),
(61, 2161233, NULL, NULL, 'SHAH JANVI HETALBHAI', '', '1', '', 0, 0, 2, 'a', NULL),
(62, 2161234, NULL, NULL, 'SHAH KAVISH PRAFULBHAI', '', '0', '', 0, 0, 2, 'a', NULL),
(63, 2161235, NULL, NULL, 'SHAH KRISHA ALPESH', '', '1', '', 0, 0, 2, 'a', NULL),
(64, 2161236, NULL, NULL, 'SHAH MEET JITENDRAKUMAR', '', '0', '', 0, 0, 2, 'a', NULL),
(65, 2161237, NULL, NULL, 'SHAH POOJAN SHRENIKKUMAR', '', '0', '', 0, 0, 2, 'a', NULL),
(66, 2161238, NULL, NULL, 'SHAH PRESHA DARSHANKUMAR', '', '0', '', 0, 0, 2, 'a', NULL),
(67, 2161239, NULL, NULL, 'SHAH PURVANG BHADRESHKUMAR', '', '0', '', 0, 0, 2, 'a', NULL),
(68, 2161240, NULL, NULL, 'SHAH SHIKHA KAUSHAL', '', '1', '', 0, 0, 2, 'a', NULL),
(69, 2161241, NULL, NULL, 'SHAH VARSHIL FALGUNBHAI', '', '0', '', 0, 0, 2, 'a', NULL),
(70, 2161242, NULL, NULL, 'SHAIKH AAMENABANU KAMRUDDIN', '', '1', '', 0, 0, 2, 'a', NULL),
(71, 2161243, NULL, NULL, 'SHUKLA KAVISHA SANKETBHAI', '', '1', '', 0, 0, 2, 'a', NULL),
(72, 2161244, NULL, NULL, 'SOLANKI FENIL HITESHKUMAR', '', '1', '', 0, 0, 2, 'a', NULL),
(73, 2161245, NULL, NULL, 'SOLANKI MILIND MUKESHBHAI', '', '0', '', 0, 0, 2, 'a', NULL),
(74, 2161246, NULL, NULL, 'SOLANKI RENUKABEN AMARSING', '', '1', '', 0, 0, 2, 'a', NULL),
(75, 2161247, NULL, NULL, 'SONI DARSHITA DILIPBHAI', '', '1', '', 0, 0, 2, 'a', NULL),
(76, 2161248, NULL, NULL, 'SONI RAJ MAHENDRABHAI', '', '0', '', 0, 0, 2, 'a', NULL),
(77, 2161249, NULL, NULL, 'SUTHAR DHRUVKUMAR ARVINDBHAI', '', '0', '', 0, 0, 2, 'a', NULL),
(78, 2161250, 'student', 'parent', 'TAKOLIYA MIHIR DHARMENDRAKUMAR', '', 'MALE', '', 8978965048, 0, 2, 'a', NULL),
(79, 2151251, NULL, NULL, 'SHAIKH MO AMMAR NAIMULHAQ', '', '0', '', 0, 0, 2, 'a', NULL),
(80, 2151252, NULL, NULL, 'PAREKH RAVI VIJAYKUMAR', '', '0', '', 0, 0, 2, 'a', NULL),
(81, 2151253, NULL, NULL, 'PANCHAL TIRTH RAJUBHAI', '', '0', '', 0, 0, 2, 'a', NULL),
(82, 2151254, NULL, NULL, 'SHRIMALI DHAVAL ASHOKBHAI', '', '0', '', 0, 0, 2, 'a', NULL),
(83, 2151255, NULL, NULL, 'CHAUHAN NITIN MAHENDRABHAI', '', '0', '', 0, 0, 2, 'a', NULL),
(84, 2151256, NULL, NULL, 'DARJI RAJAN ASHOKBHAI', '', '0', '', 0, 0, 2, 'a', NULL),
(85, 2151257, NULL, NULL, 'KORA VISHAL LAXMINARAYAN', '', '0', '', 0, 0, 2, 'a', NULL),
(86, 2151258, NULL, NULL, 'RAMI KINALBEN VINODBHAI', '', '1', '', 0, 0, 2, 'a', NULL),
(87, 2151259, NULL, NULL, 'VALA TEJAL ARUNBHAI', '', '1', '', 0, 0, 2, 'a', NULL),
(88, 2151260, NULL, NULL, 'PRAJAPATI DISHA RAJIVKUMAR', '', '1', '', 0, 0, 2, 'a', NULL),
(89, 2151261, NULL, NULL, 'LEUVA NISHA PARESHKUMAR', '', '1', '', 0, 0, 2, 'a', NULL),
(90, 2151262, NULL, NULL, 'NAYAK BHUMIKABEN BHUPENDRAKUMAR', '', '1', '', 0, 0, 2, 'a', NULL),
(91, 2151263, NULL, NULL, 'BHARADAVA JANAKI PARESHBHAI', '', '1', '', 0, 0, 2, 'a', NULL),
(92, 2151264, NULL, NULL, 'PRAJAPATI MANTHAN GANESHBHAI', '', '0', '', 0, 0, 1, 'a', NULL),
(93, 2151265, NULL, NULL, 'PATEL RUTU ASHWINKUMAR', '', '0', '', 0, 1, 1, 'a', NULL),
(94, 2151266, NULL, NULL, 'MAKVANA AARTIBEN JILAJI', '', '0', '', 0, 1, 1, 'a', NULL),
(95, 2151267, '2151267', '2151267p', 'SUHANA', '', 'FEMALE', '', 8978965044, 1, 1, 'a', NULL),
(96, 2151268, NULL, NULL, 'KAYASTH HEMALI SHAILESHKUMAR', '', 'FEMALE', '', 8978965404, 1, 0, 'a', NULL);

-- --------------------------------------------------------

--
-- Table structure for table `subject`
--

CREATE TABLE `subject` (
  `usub_id` int(4) NOT NULL,
  `sub_id` varchar(25) NOT NULL,
  `sub_name` varchar(100) NOT NULL,
  `special` varchar(10) NOT NULL,
  `sub_type` tinyint(1) NOT NULL,
  `sem_no` int(2) NOT NULL,
  `c_id` int(2) NOT NULL,
  `ufac_id` int(2) NOT NULL
) ENGINE=InnoDB DEFAULT CHARSET=latin1;

--
-- Dumping data for table `subject`
--

INSERT INTO `subject` (`usub_id`, `sub_id`, `sub_name`, `special`, `sub_type`, `sem_no`, `c_id`, `ufac_id`) VALUES
(1, 'FOP', 'Fundamentals of Programming', '', 1, 1, 0, 1),
(2, 'FCO', 'Fundamental of Computer Organization', '', 1, 1, 0, 8),
(3, 'MC', 'Mathematical Concept', '', 1, 1, 0, 13),
(4, 'CS', 'Communications Skills', '', 1, 1, 0, 13),
(5, 'DBMS', 'Database Management System Concepts', '', 1, 1, 0, 10),
(6, 'C[prac]', 'Implimentation of C', '', 1, 1, 0, 14),
(7, 'IOA[prac]', 'Implimentation of Office Application', '', 1, 1, 0, 25),
(8, 'ENG', 'English', '', 2, 1, 0, 47),
(9, 'FAM', 'Financial Accounting and Management', '', 2, 1, 0, 11),
(10, 'MAGT', 'Matrix Algebra and Graph Theory', '', 2, 2, 0, 49),
(11, 'DBMS SQL/PLSQL', 'Database Management System using SQL/PLSQL', '', 1, 2, 0, 17),
(12, 'CC', 'Comertial Communication', '', 1, 2, 0, 40),
(13, 'ACP', 'Advance C Programming', '', 1, 2, 0, 16),
(14, 'SQL/PLSQL[prac]', 'Implemantation of SQL/PLSQL', '', 1, 2, 0, 44),
(15, 'ACP[prac]', 'Implementation of C Programing', '', 1, 2, 0, 9),
(16, 'MM[prac]', 'Multimedia', '', 1, 2, 0, 39),
(17, 'ES', 'Environmental Studies', '', 2, 2, 0, 15),
(18, 'TL', 'Taxation Laws', '', 2, 2, 0, 18),
(19, 'COSM', 'Computer Oriented Stastical Method', '', 1, 3, 0, 25),
(20, 'OS', 'Concepts of Operating System', '', 1, 3, 0, 8),
(21, 'OOP', 'Object Oriented Programming with C++', '', 1, 3, 0, 2),
(22, 'DS', 'Data Structures', '', 1, 3, 0, 47),
(23, 'DM', 'Discrete Mathematics', '', 1, 3, 0, 1),
(24, 'C++[prac]', 'Implementation of C++', '', 1, 3, 0, 25),
(25, 'DS[prac]', 'Implementation Of Data Structure', '', 1, 3, 0, 3),
(26, 'FE', 'Fundamental of Economics', '', 2, 3, 0, 7),
(27, 'SSD', 'Soft Skill Develpoment', '', 2, 3, 0, 2),
(28, 'CONM', 'Computer Oriented Numerical Method', '', 1, 4, 0, 2),
(29, 'OST', 'Open Souce Technology', '', 1, 4, 0, 1),
(30, 'SAD', 'System Analysis, Design and Modeling', '', 1, 4, 0, 1),
(31, 'CSA', 'Client Server Architecture', '', 1, 4, 0, 1),
(32, 'OST[prac]', 'Implementation of OST', '', 1, 4, 0, 1),
(33, 'WT[prac]', 'Web Technology', '', 1, 4, 0, 1),
(34, 'CSA[prac]', 'Implemantation of CSA', '', 1, 4, 0, 1),
(35, 'IH', 'Introduction to Humanities', '', 2, 4, 0, 1),
(36, 'BC', 'Business Communications', '', 2, 4, 0, 1),
(37, 'SE', 'Software Engineering', '', 1, 5, 0, 1),
(38, 'CG', 'Computer Graphics', '', 1, 5, 0, 1),
(39, 'Core JAVA', 'Core JAVA', '', 1, 5, 0, 1),
(40, 'CG[prac]', 'Implementation of CG', '', 1, 5, 0, 1),
(41, 'Core JAVA[prac]', 'Implementation of Core JAVA', '', 1, 5, 0, 1),
(42, 'CLIP', 'Cyber Law and Intelletual Property', '', 1, 5, 0, 1),
(43, 'TC', 'Technical Communication', '', 1, 5, 0, 1),
(44, 'DCN', 'Data Communication and Networking', '', 1, 6, 0, 1),
(45, 'SS', 'System Software', '', 1, 6, 0, 1),
(46, 'RM', 'Research Methodology', '', 1, 6, 0, 1),
(47, 'ECOM', 'E-coommerce and E-governance', '', 1, 6, 0, 1),
(48, 'DCN[prac]', 'Implemantation of DCN', '', 1, 6, 0, 1),
(49, 'SS[prac]', 'Implemantation of SS', '', 1, 6, 0, 1),
(50, 'Advance JAVA[prac]', 'Advance JAVA', '1', 1, 6, 0, 1),
(51, 'PHP[prac]', 'Hupertext Preprocessor', '1', 2, 6, 0, 1),
(52, 'ASP. Net[prac]', 'ASP . Net', '1', 2, 6, 0, 1),
(53, 'RM', 'Research Methodology', '', 2, 6, 0, 20),
(54, 'OR', 'Operations Research', '', 1, 7, 0, 4),
(55, 'AI', 'Artificial Intellegence', '', 1, 7, 0, 1),
(56, 'AN', 'Advance Networking', '', 1, 7, 0, 1),
(57, 'SPM', 'Software Project Management & Testing', '', 1, 7, 0, 1),
(58, 'ERP', 'Enterprise Resource Planning', '', 1, 7, 0, 10),
(59, 'ADBMS', 'Advance Database Systems', '', 1, 7, 0, 19),
(60, 'ES', 'Entrpreunership Skills', '', 2, 7, 0, 25),
(61, 'QT', 'Quantitative Techniques', '', 1, 8, 0, 9),
(62, 'MC', 'Mobile Communication', '', 1, 8, 0, 35),
(63, 'SC', 'Soft Computing', '', 1, 8, 0, 31),
(64, 'MIS', 'Management Information System', '', 1, 8, 0, 35),
(65, 'DWDM', 'Data Warehousing & Data Mining', '', 1, 8, 0, 36),
(66, 'IS', 'Information Security', '', 1, 8, 0, 39),
(67, 'Mcom', 'Mass Communication', '', 2, 8, 0, 40),
(68, 'GIS', 'Geographical Information System', '', 1, 9, 0, 45),
(69, 'Crypto', 'Cryptography', '', 1, 9, 0, 47),
(70, 'IA', 'Internet Applications', '', 1, 9, 0, 46),
(71, 'DOS', 'Distributed Operating System', '', 1, 9, 0, 36),
(72, 'DC', 'Data Compression', '', 1, 9, 0, 32),
(73, 'IP', 'Image Processing', '', 1, 9, 0, 31),
(74, 'NA', 'Network Administration', '', 2, 9, 0, 37),
(75, 'BM1', 'Business Management 1', '', 1, 1, 1, 7),
(76, 'FFA', 'Fundamental Of Financial Accounting', '', 1, 1, 1, 6),
(77, 'BS', 'Basic Statistics', '', 1, 1, 1, 4),
(78, 'FCE', 'Foundation Course in Economics', '', 1, 1, 1, 3),
(79, 'CS', 'Communication Skills', '', 1, 1, 1, 2),
(80, 'IIT', 'Introduction to Information Technology', '', 1, 1, 1, 2),
(81, 'LL', 'Learning from Leaders', '', 2, 1, 1, 2),
(82, 'ICC', 'Indian Culture & Civilization', '', 2, 1, 1, 11),
(83, 'BM2', 'Business Management 2', '', 1, 2, 1, 11),
(84, 'FCA', 'Fundamentals of Cost Accounting', '', 1, 2, 1, 8),
(86, 'BM', 'Basic Mathematics', '', 1, 2, 1, 19),
(87, 'ECE', 'Elementary Course in Economics', '', 1, 2, 1, 10),
(88, 'CC', 'Commercial Communication', '', 1, 7, 1, 15),
(89, 'GSI', 'Growth & Structure of Industries', '', 1, 2, 1, 6),
(90, 'SM', 'Stress Management', '', 2, 2, 1, 11),
(91, 'ES', 'Environmental Studies', '', 2, 2, 1, 6),
(92, 'IMM', 'Introduction to Marketing Management', '', 1, 3, 1, 6),
(93, 'AFA1', 'Advance Financial Accounting 1', '', 1, 3, 1, 4),
(94, 'BM', 'Business Mathematics', '', 1, 3, 1, 12),
(95, 'MET', 'Micro Economics-Theory', '', 1, 3, 1, 22),
(96, 'SSD', 'Soft Skill Development', '', 1, 3, 1, 18),
(97, 'DT1', 'Direct Taxes 1', '', 1, 3, 1, 23),
(98, 'H1', 'Humanities 1', '', 2, 3, 1, 4),
(99, 'IRM', 'Introduction to Research Methodology', '', 2, 3, 1, 3),
(100, 'FFM', 'Fundamentals of Financial Management', '', 1, 4, 1, 8),
(101, 'AFA2', 'Advance Financial Accounting 2', '', 1, 4, 1, 26),
(102, 'BS', 'Business Statistics', '', 1, 4, 1, 29),
(103, 'FM', 'Firms & Markets', '', 1, 4, 1, 23),
(104, 'BC', 'Business Communication', '', 1, 4, 1, 25),
(105, 'DT2', 'Direct Taxes 2', '', 1, 4, 1, 21),
(106, 'H2', 'Humanities 2', '', 2, 4, 1, 16),
(107, 'IST', 'Introduction to science & Technology', '', 2, 4, 1, 7),
(108, 'OBPM', 'Organization Behaviour & Personnel Management', '', 1, 5, 1, 13),
(109, 'FAR', 'Financial Analysis & Reporting', '', 1, 5, 1, 32),
(110, 'QT', 'Quantitative Techniques', '', 1, 5, 1, 36),
(111, 'ME', 'Macro Economics', '', 1, 5, 1, 4),
(112, 'CC', 'Corporate Communication', '', 1, 5, 1, 3),
(113, 'FM1', 'Financial Management 1', '', 2, 5, 1, 16),
(114, 'MM1', 'Marketing Management - Theory & Practice 1', '', 2, 5, 1, 47),
(115, 'HRM1', 'Human Resource Management 1', '', 2, 5, 1, 45),
(116, 'ERPM', 'Industrial Relations & Production Management', '', 1, 6, 1, 26),
(117, 'CMA', 'Cost & Management Accounting', '', 1, 6, 1, 15),
(118, 'OR', 'Operations Research', '', 1, 6, 1, 25),
(119, 'PFMB', 'Public Finance, Money & Banking', '', 1, 6, 1, 26),
(120, 'BE', 'Business English', '', 1, 6, 1, 24),
(121, 'BE', 'Business Ethics', '', 2, 6, 1, 13),
(122, 'WG', 'World Geography', '', 2, 6, 1, 9),
(123, 'PPM', 'Principles & Practices of Management', '', 1, 7, 1, 21),
(124, 'QTM1', 'Quantitative Techniques for Management 1', '', 1, 7, 1, 14),
(125, 'OB', 'Organizational Behaviour', '', 1, 7, 1, 23),
(126, 'ME', 'Managerial Economics', '', 1, 7, 1, 16),
(127, 'MIS', 'Management Informat on System', '', 1, 7, 1, 26),
(128, 'FAM', 'Financial Accounting for Management', '', 1, 7, 1, 25),
(129, 'MC', 'Managerial Communication', '', 1, 7, 1, 21),
(130, 'EEV', 'Ethics, Ethos & Values', '', 1, 7, 1, 12),
(131, 'QTM2', 'Quantitative Techniques for Management 2', '', 1, 8, 1, 23),
(132, 'AMM', 'Advance Marketing Management', '', 1, 8, 1, 45),
(133, 'HRD', 'Human Resource Development', '', 1, 8, 1, 16),
(134, 'ACMA', 'Advanced Cost & Management Accounting', '', 1, 8, 1, 4),
(135, 'POM', 'Production & Operations Management', '', 1, 8, 1, 9),
(136, 'IBE', 'Indian Business Environment', '', 1, 8, 1, 9),
(137, 'AFM', 'Advanced Financial Management', '', 1, 8, 1, 9),
(138, 'BRM', 'Business Research Methodology', '', 1, 8, 1, 9),
(139, 'SM', 'Strategic Management', '', 1, 9, 1, 9),
(140, 'LAB', 'Legal Aspects of Business', '', 1, 9, 1, 8),
(141, 'EDIM', 'Entrepreneurial Development & Innovation Management', '', 1, 9, 1, 8),
(142, 'CSER', 'Corporate Social & Environmental Responsibility', '', 1, 9, 1, 9),
(143, 'MCS', 'Management Control System', '', 1, 10, 1, 19),
(144, 'IB', 'International Business', '', 1, 10, 1, 45),
(145, 'BT', 'Business & Technilogy', '', 1, 10, 1, 8),
(146, 'MR', 'Marketing Research', 'Marketing', 1, 9, 1, 45),
(147, 'ASP', 'Advertising & Sales Promotion', 'Marketing', 1, 9, 1, 4),
(148, 'CB', 'Consumer Behaviour', 'Marketing', 1, 9, 1, 1),
(149, 'SDM', 'Sales & Distribution Management', 'Marketing', 1, 9, 1, 1),
(150, 'IMM', 'International Marketing Management', 'Marketing', 1, 10, 1, 12),
(151, 'SM', 'Service Marketing', 'Marketing', 1, 10, 1, 10),
(152, 'RM', 'Retail Management', 'Marketing', 1, 10, 1, 15),
(153, 'SCIM', 'Seminar & Contemporary Issues in Marketing', 'Marketing', 1, 10, 1, 4),
(154, 'WCM', 'Working Capital management', 'Finance', 1, 10, 1, 9),
(155, 'MFS', 'Management of Financial Services', 'Finance', 1, 9, 1, 9),
(156, 'IAPM', 'Investment Analysis & Portfolio Management', 'Finance', 1, 9, 1, 15),
(157, 'SFM', 'Strategic Financial Management', 'Finance', 1, 9, 1, 1),
(158, 'MACR', 'Mergers, Acquisitions & Corporate Restructure', 'Finance', 1, 10, 1, 16),
(159, 'CT', 'Corporate Taxation', 'Finance', 1, 9, 1, 1),
(160, 'FD', 'Financial Derivatives', 'Finance', 1, 10, 1, 1),
(161, 'IFM', 'International Financial Management', 'Finance', 1, 10, 1, 19),
(162, 'ODCM', 'Organizational Development & Change Management', 'HR', 1, 9, 1, 9),
(163, 'CM', 'Compensation Management', 'HR', 1, 9, 1, 25),
(164, 'IRLL', 'Industrial Relations & Labour Lows', 'HR', 1, 9, 1, 23),
(165, 'IHRM', 'International Human Resources Management', 'HR', 1, 9, 1, 2),
(166, 'LIO', 'Leadership in Organizations', 'HR', 1, 10, 1, 1),
(167, 'SHRM', 'Strategic Human Resource Management', 'HR', 1, 10, 1, 19),
(168, 'PM', 'Performance Management', 'HR', 1, 10, 1, 1),
(169, 'SCIHR', 'Seminar & Contemporary Issues in HR', 'HR', 1, 10, 1, 9);

--
-- Indexes for dumped tables
--

--
-- Indexes for table `academic_year`
--
ALTER TABLE `academic_year`
  ADD PRIMARY KEY (`ac_year_id`);

--
-- Indexes for table `attendance`
--
ALTER TABLE `attendance`
  ADD PRIMARY KEY (`att_id`),
  ADD KEY `date` (`date`),
  ADD KEY `s_enrl` (`s_enrl`),
  ADD KEY `usub_id` (`usub_id`),
  ADD KEY `date_2` (`date`);

--
-- Indexes for table `classes_master`
--
ALTER TABLE `classes_master`
  ADD PRIMARY KEY (`class_id`);

--
-- Indexes for table `class_notifications`
--
ALTER TABLE `class_notifications`
  ADD PRIMARY KEY (`id`);

--
-- Indexes for table `course`
--
ALTER TABLE `course`
  ADD PRIMARY KEY (`c_id`);

--
-- Indexes for table `days`
--
ALTER TABLE `days`
  ADD PRIMARY KEY (`date`),
  ADD KEY `ac_year_id` (`ac_year_id`);

--
-- Indexes for table `exams_master`
--
ALTER TABLE `exams_master`
  ADD PRIMARY KEY (`exam_id`);

--
-- Indexes for table `excel_files_urls`
--
ALTER TABLE `excel_files_urls`
  ADD PRIMARY KEY (`id`);

--
-- Indexes for table `faculty`
--
ALTER TABLE `faculty`
  ADD PRIMARY KEY (`ufac_id`),
  ADD KEY `c_id` (`c_id`);

--
-- Indexes for table `files`
--
ALTER TABLE `files`
  ADD PRIMARY KEY (`id`);

--
-- Indexes for table `marks`
--
ALTER TABLE `marks`
  ADD PRIMARY KEY (`id`);

--
-- Indexes for table `notifications`
--
ALTER TABLE `notifications`
  ADD PRIMARY KEY (`id`);

--
-- Indexes for table `queries`
--
ALTER TABLE `queries`
  ADD PRIMARY KEY (`query_id`);

--
-- Indexes for table `schedule_msc_sem1_diva`
--
ALTER TABLE `schedule_msc_sem1_diva`
  ADD PRIMARY KEY (`day`);

--
-- Indexes for table `sem_year`
--
ALTER TABLE `sem_year`
  ADD PRIMARY KEY (`sem_no`);

--
-- Indexes for table `student`
--
ALTER TABLE `student`
  ADD PRIMARY KEY (`s_enrl`),
  ADD KEY `c_id` (`c_id`),
  ADD KEY `c_id_2` (`c_id`),
  ADD KEY `usub_id` (`usub_id`);

--
-- Indexes for table `subject`
--
ALTER TABLE `subject`
  ADD PRIMARY KEY (`usub_id`),
  ADD KEY `ufac_id` (`ufac_id`),
  ADD KEY `sem_no` (`sem_no`),
  ADD KEY `c_id` (`c_id`);

--
-- AUTO_INCREMENT for dumped tables
--

--
-- AUTO_INCREMENT for table `academic_year`
--
ALTER TABLE `academic_year`
  MODIFY `ac_year_id` int(2) NOT NULL AUTO_INCREMENT, AUTO_INCREMENT=29;

--
-- AUTO_INCREMENT for table `attendance`
--
ALTER TABLE `attendance`
  MODIFY `att_id` int(11) NOT NULL AUTO_INCREMENT, AUTO_INCREMENT=983;

--
-- AUTO_INCREMENT for table `classes_master`
--
ALTER TABLE `classes_master`
  MODIFY `class_id` int(10) NOT NULL AUTO_INCREMENT, AUTO_INCREMENT=4;

--
-- AUTO_INCREMENT for table `class_notifications`
--
ALTER TABLE `class_notifications`
  MODIFY `id` int(10) NOT NULL AUTO_INCREMENT, AUTO_INCREMENT=6;

--
-- AUTO_INCREMENT for table `exams_master`
--
ALTER TABLE `exams_master`
  MODIFY `exam_id` int(10) NOT NULL AUTO_INCREMENT, AUTO_INCREMENT=2;

--
-- AUTO_INCREMENT for table `excel_files_urls`
--
ALTER TABLE `excel_files_urls`
  MODIFY `id` int(10) NOT NULL AUTO_INCREMENT, AUTO_INCREMENT=9;

--
-- AUTO_INCREMENT for table `faculty`
--
ALTER TABLE `faculty`
  MODIFY `ufac_id` int(2) NOT NULL AUTO_INCREMENT, AUTO_INCREMENT=100;

--
-- AUTO_INCREMENT for table `files`
--
ALTER TABLE `files`
  MODIFY `id` int(11) NOT NULL AUTO_INCREMENT, AUTO_INCREMENT=8;

--
-- AUTO_INCREMENT for table `marks`
--
ALTER TABLE `marks`
  MODIFY `id` int(10) NOT NULL AUTO_INCREMENT, AUTO_INCREMENT=36;

--
-- AUTO_INCREMENT for table `notifications`
--
ALTER TABLE `notifications`
  MODIFY `id` int(11) NOT NULL AUTO_INCREMENT, AUTO_INCREMENT=33;

--
-- AUTO_INCREMENT for table `queries`
--
ALTER TABLE `queries`
  MODIFY `query_id` int(10) NOT NULL AUTO_INCREMENT, AUTO_INCREMENT=24;

--
-- AUTO_INCREMENT for table `subject`
--
ALTER TABLE `subject`
  MODIFY `usub_id` int(4) NOT NULL AUTO_INCREMENT, AUTO_INCREMENT=170;

--
-- Constraints for dumped tables
--

--
-- Constraints for table `days`
--
ALTER TABLE `days`
  ADD CONSTRAINT `days_ibfk_1` FOREIGN KEY (`ac_year_id`) REFERENCES `academic_year` (`ac_year_id`) ON DELETE CASCADE ON UPDATE CASCADE;

--
-- Constraints for table `faculty`
--
ALTER TABLE `faculty`
  ADD CONSTRAINT `faculty_ibfk_1` FOREIGN KEY (`c_id`) REFERENCES `course` (`c_id`) ON DELETE CASCADE ON UPDATE CASCADE;

--
-- Constraints for table `student`
--
ALTER TABLE `student`
  ADD CONSTRAINT `student_ibfk_1` FOREIGN KEY (`c_id`) REFERENCES `course` (`c_id`) ON DELETE CASCADE ON UPDATE CASCADE,
  ADD CONSTRAINT `student_ibfk_2` FOREIGN KEY (`usub_id`) REFERENCES `subject` (`usub_id`) ON DELETE CASCADE ON UPDATE CASCADE;

--
-- Constraints for table `subject`
--
ALTER TABLE `subject`
  ADD CONSTRAINT `subject_ibfk_1` FOREIGN KEY (`ufac_id`) REFERENCES `faculty` (`ufac_id`) ON DELETE CASCADE ON UPDATE CASCADE,
  ADD CONSTRAINT `subject_ibfk_2` FOREIGN KEY (`sem_no`) REFERENCES `sem_year` (`sem_no`) ON DELETE CASCADE ON UPDATE CASCADE,
  ADD CONSTRAINT `subject_ibfk_3` FOREIGN KEY (`c_id`) REFERENCES `course` (`c_id`) ON DELETE CASCADE ON UPDATE CASCADE;
COMMIT;

/*!40101 SET CHARACTER_SET_CLIENT=@OLD_CHARACTER_SET_CLIENT */;
/*!40101 SET CHARACTER_SET_RESULTS=@OLD_CHARACTER_SET_RESULTS */;
/*!40101 SET COLLATION_CONNECTION=@OLD_COLLATION_CONNECTION */;
